-- MySQL dump 10.15  Distrib 10.0.21-MariaDB, for Linux (x86_64)
--
-- Host: localhost    Database: charm3007
-- ------------------------------------------------------
-- Server version	10.1.13-MariaDB

/*!40101 SET @OLD_CHARACTER_SET_CLIENT=@@CHARACTER_SET_CLIENT */;
/*!40101 SET @OLD_CHARACTER_SET_RESULTS=@@CHARACTER_SET_RESULTS */;
/*!40101 SET @OLD_COLLATION_CONNECTION=@@COLLATION_CONNECTION */;
/*!40101 SET NAMES utf8 */;
/*!40103 SET @OLD_TIME_ZONE=@@TIME_ZONE */;
/*!40103 SET TIME_ZONE='+00:00' */;
/*!40014 SET @OLD_UNIQUE_CHECKS=@@UNIQUE_CHECKS, UNIQUE_CHECKS=0 */;
/*!40014 SET @OLD_FOREIGN_KEY_CHECKS=@@FOREIGN_KEY_CHECKS, FOREIGN_KEY_CHECKS=0 */;
/*!40101 SET @OLD_SQL_MODE=@@SQL_MODE, SQL_MODE='NO_AUTO_VALUE_ON_ZERO' */;
/*!40111 SET @OLD_SQL_NOTES=@@SQL_NOTES, SQL_NOTES=0 */;

--
-- Table structure for table `brand`
--

DROP TABLE IF EXISTS `brand`;
/*!40101 SET @saved_cs_client     = @@character_set_client */;
/*!40101 SET character_set_client = utf8 */;
CREATE TABLE `brand` (
  `id` int(10) NOT NULL AUTO_INCREMENT,
  `brandcode` varchar(45) NOT NULL,
  `name` varchar(45) NOT NULL,
  `part` varchar(45) NOT NULL,
  PRIMARY KEY (`id`),
  UNIQUE KEY `brandcode` (`brandcode`),
  UNIQUE KEY `name` (`name`)
) ENGINE=InnoDB AUTO_INCREMENT=19 DEFAULT CHARSET=utf8;
/*!40101 SET character_set_client = @saved_cs_client */;

--
-- Dumping data for table `brand`
--

LOCK TABLES `brand` WRITE;
/*!40000 ALTER TABLE `brand` DISABLE KEYS */;
INSERT INTO `brand` VALUES (1,'1','현대','국산'),(2,'2','기아','국산'),(3,'3','쉐보레','국산'),(4,'4','쌍용','국산'),(5,'5','삼성','국산'),(6,'6','제네시스','국산'),(7,'7','벤츠','외산'),(8,'8','비엠더블유','외산'),(9,'9','아우디','외산');
/*!40000 ALTER TABLE `brand` ENABLE KEYS */;
UNLOCK TABLES;

--
-- Table structure for table `danawa`
--

DROP TABLE IF EXISTS `danawa`;
/*!40101 SET @saved_cs_client     = @@character_set_client */;
/*!40101 SET character_set_client = utf8 */;
CREATE TABLE `danawa` (
  `id` int(11) NOT NULL AUTO_INCREMENT,
  `ordered` int(11) DEFAULT NULL,
  `code` varchar(45) NOT NULL,
  `name` varchar(45) NOT NULL,
  `usepart` varchar(10) NOT NULL,
  `etc` varchar(100) DEFAULT NULL,
  `created` datetime DEFAULT NULL,
  `updated` datetime DEFAULT NULL,
  PRIMARY KEY (`id`)
) ENGINE=InnoDB AUTO_INCREMENT=50 DEFAULT CHARSET=utf8;
/*!40101 SET character_set_client = @saved_cs_client */;

--
-- Dumping data for table `danawa`
--

LOCK TABLES `danawa` WRITE;
/*!40000 ALTER TABLE `danawa` DISABLE KEYS */;
INSERT INTO `danawa` VALUES (1,1,'74759','현대 그랜저','Y','','2021-04-27 16:56:18','2021-06-07 11:05:15'),(2,2,'75330','현대 싼타페','Y','','2021-04-27 16:56:18','2021-07-29 18:48:00'),(3,3,'71091','현대 투싼','Y',NULL,'2021-04-27 16:56:18',NULL),(4,4,'70587','현대 쏘나타','Y',NULL,'2021-04-27 16:56:18',NULL),(5,5,'69346','현대 팰리세이드','Y','','2021-04-27 16:56:18','2021-09-02 15:36:46'),(6,6,'62308','현대 포터2','Y',NULL,'2021-04-27 16:56:18',NULL),(7,7,'71439','현대 코나','Y',NULL,'2021-04-27 16:56:18',NULL),(8,8,'71010','현대 쏠라티','Y',NULL,'2021-04-27 16:56:18',NULL),(9,9,'70912','현대 아반떼','Y','원래 포레스트자리였음','2021-04-27 16:56:18','2021-07-29 18:43:15'),(10,10,'74061','현대 스타리아','Y','스타렉스 단종뒤 생성모델','2021-04-27 16:56:18','2021-04-27 17:01:34'),(11,11,'71481','기아 K5','Y',NULL,'2021-04-27 16:56:18',NULL),(12,12,'71281','기아 K7','N','2021.4.14 단종처리','2021-04-27 16:56:18','2021-04-27 17:01:13'),(13,13,'74996','기아 K8','Y','','2021-04-27 16:56:18','2021-08-20 18:06:17'),(14,14,'69052','기아 K9','Y',NULL,'2021-04-27 16:56:18',NULL),(15,15,'73613','기아 모하비','Y','','2021-04-27 16:56:18','2021-08-17 15:42:55'),(16,16,'75282','기아 스포티지','Y','디올뉴스포티지로 변경됨','2021-04-27 16:56:18','2021-08-20 17:54:44'),(17,17,'75338','기아 쏘렌토','Y','','2021-04-27 16:56:18','2021-07-29 17:03:18'),(18,18,'70807','기아 카니발','Y',NULL,'2021-04-27 16:56:18',NULL),(19,19,'73573','기아 셀토스','Y',NULL,'2021-04-27 16:56:18',NULL),(20,20,'70957','기아 스팅어','Y',NULL,'2021-04-27 16:56:18',NULL),(21,21,'74607','쌍용 티볼리','Y','기아니로를 잠깐끄고 티볼리로함','2021-04-27 16:56:18','2021-06-14 12:13:21'),(22,22,'71527','제네시스 G70','Y',NULL,'2021-04-27 16:56:18',NULL),(23,23,'69506','제네시스 G80','Y',NULL,'2021-04-27 16:56:18',NULL),(24,24,'73461','제네시스 G90','Y',NULL,'2021-04-27 16:56:18',NULL),(25,25,'71838','제네시스 GV70','Y',NULL,'2021-04-27 16:56:18',NULL),(26,26,'70463','제네시스 GV80','Y',NULL,'2021-04-27 16:56:18',NULL),(27,27,'70077','벤츠 A-Class','Y',NULL,'2021-04-27 16:56:18',NULL),(28,28,'69581','벤츠 C-Class','Y',NULL,'2021-04-27 16:56:18',NULL),(29,29,'71112','벤츠 The New E-Class','Y',NULL,'2021-04-27 16:56:18',NULL),(30,30,'73044','벤츠 S-Class','Y',NULL,'2021-04-27 16:56:18',NULL),(31,31,'69588','벤츠 CLS-Class','Y',NULL,'2021-04-27 16:56:18',NULL),(32,32,'73953','벤츠 GLB-Class','Y','','2021-04-27 16:56:18','2021-04-27 17:05:26'),(33,33,'67277','벤츠 GLC-Class','Y','','2021-04-27 16:56:18','2021-04-27 17:09:53'),(34,34,'69591','벤츠 The New GLE-Class','Y',NULL,'2021-04-27 16:56:18',NULL),(35,35,'71343','BMW 1 Series','Y',NULL,'2021-04-27 16:56:18',NULL),(36,36,'71349','BMW 2 Series','Y',NULL,'2021-04-27 16:56:18',NULL),(37,37,'71312','BMW New 3 Series','Y',NULL,'2021-04-27 16:56:18',NULL),(38,38,'71372','BMW 4 Series','Y',NULL,'2021-04-27 16:56:18',NULL),(39,39,'71122','BMW New 5 Series','Y',NULL,'2021-04-27 16:56:18',NULL),(40,40,'72637','BMW 7 Series','Y',NULL,'2021-04-27 16:56:18',NULL),(41,41,'71400','BMW X2','Y',NULL,'2021-04-27 16:56:18',NULL),(42,42,'71465','BMW X5','Y',NULL,'2021-04-27 16:56:18',NULL),(43,43,'69894','아우디 A4','Y',NULL,'2021-04-27 16:56:18',NULL),(44,44,'69898','아우디 A5','Y',NULL,'2021-04-27 16:56:18',NULL),(45,45,'69882','아우디 A6','Y',NULL,'2021-04-27 16:56:18',NULL),(46,46,'69873','아우디 A7','Y',NULL,'2021-04-27 16:56:18',NULL),(47,47,'70904','아우디 A8','Y',NULL,'2021-04-27 16:56:18',NULL),(48,48,'69890','아우디 Q7','Y',NULL,'2021-04-27 16:56:18',NULL),(49,49,'69887','아우디 Q8','Y',NULL,'2021-04-27 16:56:18',NULL);
/*!40000 ALTER TABLE `danawa` ENABLE KEYS */;
UNLOCK TABLES;

--
-- Table structure for table `lineup`
--

DROP TABLE IF EXISTS `lineup`;
/*!40101 SET @saved_cs_client     = @@character_set_client */;
/*!40101 SET character_set_client = utf8 */;
CREATE TABLE `lineup` (
  `id` int(11) NOT NULL AUTO_INCREMENT,
  `lineupcode` varchar(45) NOT NULL,
  `lineupname` varchar(200) NOT NULL,
  `modelcode` varchar(10) NOT NULL,
  `usepart` varchar(10) NOT NULL,
  `created` datetime DEFAULT NULL,
  `updated` datetime DEFAULT NULL,
  PRIMARY KEY (`id`),
  UNIQUE KEY `lineupcode` (`lineupcode`)
) ENGINE=InnoDB AUTO_INCREMENT=307 DEFAULT CHARSET=utf8;
/*!40101 SET character_set_client = @saved_cs_client */;

--
-- Dumping data for table `lineup`
--

LOCK TABLES `lineup` WRITE;
/*!40000 ALTER TABLE `lineup` DISABLE KEYS */;
INSERT INTO `lineup` VALUES (1,'10101','2020년형 가솔린 2.5 (개별소비세 3.5% 적용)','101','Y',NULL,'2021-06-07 11:09:09'),(2,'10102','2020년형 가솔린 3.3 (개별소비세 3.5% 적용)','101','Y',NULL,'2021-06-07 11:09:14'),(3,'10103','2020년형 가솔린 2.4 하이브리드 (개별소비세 3.5% 적용)','101','Y',NULL,'2021-06-07 11:09:20'),(4,'10104','2020년형 LPG 3.0 (일반판매용) (개별소비세 3.5% 적용)','101','N',NULL,'2021-06-09 16:30:17'),(5,'10105','2020년형 LPG 3.0 (장애인용/렌터카/택시)','101','N',NULL,'2021-06-07 11:09:31'),(6,'10201','2020년형 가솔린 터보 2.5 2WD (개별소비세 3.5% 적용)','102','Y',NULL,NULL),(7,'10202','2020년형 가솔린 터보 2.5 4WD (개별소비세 3.5% 적용)','102','Y',NULL,NULL),(8,'10203','2020년형 디젤 2.2 2WD (개별소비세 3.5% 적용)','102','Y',NULL,NULL),(9,'10204','2020년형 디젤 2.2 4WD (개별소비세 3.5% 적용)','102','Y',NULL,NULL),(10,'10301','2021년형 가솔린 1.6 하이브리드 (개별소비세 3.5% 적용)','103','Y',NULL,NULL),(11,'10302','2021년형 가솔린 터보 1.6 (개별소비세 3.5% 적용)','103','Y',NULL,NULL),(12,'10303','2021년형 디젤 2.0 (개별소비세 3.5% 적용)','103','Y',NULL,NULL),(13,'10401','2020년형 가솔린 2.0 (개별소비세 3.5% 적용)','104','N',NULL,'2021-06-21 15:58:39'),(14,'10402','2020년형 가솔린 2.0 하이브리드 (개별소비세 3.5% 적용)','104','N',NULL,'2021-06-21 15:58:46'),(15,'10403','2020년형 가솔린 2.5 터보 (N 라인) (개별소비세 3.5% 적용)','104','N',NULL,'2021-06-21 15:58:50'),(16,'10404','2020년형 가솔린 터보 1.6 센슈어스 (개별소비세 3.5% 적용)','104','N',NULL,'2021-06-21 15:58:54'),(17,'10405','2020년형 LPG 2.0 (일반인 판매용) (개별소비세 3.5% 적용)','104','N',NULL,'2021-06-21 15:58:58'),(18,'10406','2020년형 LPG 2.0 (장애인용/렌터카)','104','N',NULL,NULL),(19,'11201','2020년형 가솔린 3.8 2WD (개별소비세 3.5% 적용)','112','Y',NULL,NULL),(20,'11202','2020년형 가솔린 3.8 4WD (개별소비세 3.5% 적용)','112','Y',NULL,NULL),(21,'11203','2020년형 디젤 2.2 2WD (개별소비세 3.5% 적용)','112','Y',NULL,NULL),(22,'11204','2020년형 디젤 2.2 4WD (개별소비세 3.5% 적용)','112','Y',NULL,NULL),(23,'10605','2020년형 디젤 2.5 2WD','106','Y',NULL,NULL),(24,'10606','2020년형 디젤 2.5 4WD','106','Y',NULL,NULL),(25,'10607','2020년형 전기','106','Y',NULL,NULL),(26,'10608','2020년형 디젤 2.5 2WD (운전교습용)','106','Y',NULL,NULL),(27,'10609','2020년형 디젤 2.5 (내장탑차/내장탑파워게이트) (특장차)','106','Y',NULL,NULL),(28,'10610','2020년형 디젤 2.5 (냉동/냉장탑차) (특장차)','106','Y',NULL,NULL),(29,'10611','2020년형 디젤 2.5 (윙바디/활어운반차/다용도탑차/이동주유차) (특장차)','106','Y',NULL,NULL),(30,'10612','2020년형 디젤 2.5 (파워게이트/트랜스 파워게이트/시티밴/덤프) (특장차)','106','Y',NULL,NULL),(31,'10701','2020년형 가솔린 1.6 (개별소비세 3.5% 적용)','107','Y',NULL,NULL),(32,'10702','2020년형 가솔린 터보 1.6 (N 라인) (개별소비세 3.5% 적용)','107','Y',NULL,'2021-07-29 18:38:11'),(33,'10703','2020년형 가솔린 1.6 하이브리드 (개별소비세 3.5% 적용)','107','Y',NULL,NULL),(34,'10704','2020년형 LPG 1.6 (일반인 판매용) (개별소비세 3.5% 적용)','107','N',NULL,'2021-06-14 13:47:10'),(35,'10705','2020년형 LPG 1.6 (렌터카/장애인용)','107','N',NULL,NULL),(36,'20101','2020년형 가솔린 1.0','201','Y',NULL,NULL),(37,'20201','2020년형 가솔린 1.0','202','Y',NULL,NULL),(38,'20301','2021년형 가솔린 1.6 (개별소비세 3.5% 적용)','203','Y',NULL,NULL),(39,'20401','2020년형 LPG 3.0 (렌터카/장애인용/택시)','204','N',NULL,NULL),(40,'20402','2020년형 LPG 3.0 (일반인) (개별소비세 3.5% 적용)','204','Y',NULL,NULL),(41,'20403','2020년형 가솔린 2.4 하이브리드 (개별소비세 3.5% 적용)','204','Y',NULL,NULL),(42,'20404','2020년형 가솔린 2.5 (개별소비세 3.5% 적용)','204','Y',NULL,NULL),(43,'20405','2020년형 가솔린 3.0 (개별소비세 3.5% 적용)','204','Y',NULL,NULL),(44,'20406','2021년형 LPG 3.0 (렌터카/장애인용/택시)','204','N',NULL,NULL),(45,'20407','2021년형 LPG 3.0 (일반인) (개별소비세 3.5% 적용)','204','Y',NULL,NULL),(46,'20408','2021년형 가솔린 2.4 하이브리드 (개별소비세 3.5% 적용)','204','Y',NULL,NULL),(47,'20409','2021년형 가솔린 2.5 (개별소비세 3.5% 적용)','204','Y',NULL,NULL),(48,'20410','2021년형 가솔린 3.0 (개별소비세 3.5% 적용)','204','Y',NULL,NULL),(49,'20501','2021년형 가솔린 3.8 (개별소비세 3.5% 적용)','205','Y',NULL,NULL),(50,'20502','2021년형 가솔린 5.0 (개별소비세 3.5% 적용)','205','Y',NULL,NULL),(51,'20503','2021년형 가솔린 터보 3.3 (개별소비세 3.5% 적용)','205','Y',NULL,NULL),(52,'20601','2020년형 디젤 3.0 4WD (개별소비세 3.5% 적용)','206','Y',NULL,NULL),(53,'20602','2021년형 디젤 3.0 4WD (개별소비세 3.5% 적용)','206','Y',NULL,NULL),(54,'20701','2020년형 가솔린 2.0 2WD (개별소비세 3.5% 적용)','207','N',NULL,'2021-08-20 17:56:30'),(55,'20702','2020년형 디젤 1.6 2WD (개별소비세 3.5% 적용)','207','N',NULL,'2021-08-20 17:56:34'),(56,'20703','2020년형 디젤 1.6 4WD (개별소비세 3.5% 적용)','207','N',NULL,'2021-08-20 17:56:38'),(57,'20704','2020년형 디젤 2.0 2WD (개별소비세 3.5% 적용)','207','N',NULL,'2021-08-20 17:56:43'),(58,'20705','2020년형 디젤 2.0 4WD (개별소비세 3.5% 적용)','207','N',NULL,'2021-08-20 17:56:47'),(59,'20706','2021년형 가솔린 2.0 2WD (개별소비세 3.5% 적용)','207','N',NULL,'2021-08-20 17:56:51'),(60,'20707','2021년형 디젤 1.6 2WD (개별소비세 3.5% 적용)','207','N',NULL,'2021-08-20 17:56:55'),(61,'20708','2021년형 디젤 1.6 4WD (개별소비세 3.5% 적용)','207','N',NULL,'2021-08-20 17:56:58'),(62,'20709','2021년형 디젤 2.0 2WD (개별소비세 3.5% 적용)','207','N',NULL,'2021-08-20 17:57:01'),(63,'20710','2021년형 디젤 2.0 4WD (개별소비세 3.5% 적용)','207','N',NULL,'2021-08-20 17:57:05'),(64,'20801','2020년형 LPG 2.0 (렌터카)','208','N',NULL,NULL),(65,'20802','2020년형 가솔린 2.0 (개별소비세 3.5% 적용)','208','Y',NULL,NULL),(66,'20803','2020년형 가솔린 2.0 하이브리드 (개별소비세 3.5% 적용)','208','Y',NULL,NULL),(67,'20804','2020년형 가솔린 터보 1.6 (개별소비세 3.5% 적용)','208','Y',NULL,NULL),(68,'20805','2021년형 LPG 2.0 (렌터카)','208','N',NULL,NULL),(69,'20806','2021년형 LPG 2.0 (일반인 판매용) (개별소비세 3.5% 적용)','208','N',NULL,'2021-07-28 14:05:09'),(70,'20807','2021년형 가솔린 2.0 (개별소비세 3.5% 적용)','208','Y',NULL,NULL),(71,'20808','2021년형 가솔린 2.0 하이브리드 (개별소비세 3.5% 적용)','208','Y',NULL,NULL),(72,'20809','2021년형 가솔린 터보 1.6 (개별소비세 3.5% 적용)','208','Y',NULL,NULL),(73,'20901','2020년형 디젤 2.2 2WD (개별소비세 3.5% 적용)','209','N',NULL,'2021-07-29 17:01:19'),(74,'20902','2020년형 디젤 2.2 4WD (개별소비세 3.5% 적용)','209','N',NULL,'2021-07-29 17:01:24'),(75,'20903','2020년형 가솔린 터보 2.5 2WD (개별소비세 3.5% 적용)','209','N',NULL,'2021-07-29 17:01:28'),(76,'20904','2020년형 가솔린 터보 2.5 4WD (개별소비세 3.5% 적용)','209','N',NULL,'2021-07-29 17:01:32'),(77,'20905','2020년형 가솔린 터보 1.6 하이브리드 2WD (개별소비세 3.5% 적용)','209','N',NULL,'2021-07-29 17:01:36'),(78,'20906','2020년형 가솔린 터보 1.6 하이브리드 4WD (개별소비세 3.5% 적용)','209','N',NULL,'2021-07-29 17:01:41'),(79,'21001','2020년형 가솔린 3.5 (11인승)','210','Y',NULL,NULL),(80,'21002','2020년형 가솔린 3.5 (7인승 하이리무진) (개별소비세 3.5% 적용)','210','Y',NULL,NULL),(81,'21003','2020년형 가솔린 3.5 (7인승) (개별소비세 3.5% 적용)','210','Y',NULL,NULL),(82,'21004','2020년형 가솔린 3.5 (9인승 하이리무진)','210','Y',NULL,NULL),(83,'21005','2020년형 가솔린 3.5 (9인승)','210','Y',NULL,NULL),(84,'21006','2020년형 디젤 2.2 (11인승)','210','Y',NULL,NULL),(85,'21007','2020년형 디젤 2.2 (7인승) (개별소비세 3.5% 적용)','210','Y',NULL,NULL),(86,'21008','2020년형 디젤 2.2 (9인승)','210','Y',NULL,NULL),(87,'21009','2020년형 디젤 2.2 (9인승 하이리무진)','210','Y',NULL,NULL),(88,'50101','2021년형 가솔린 터보 1.3 (개별소비세 3.5% 적용)','501','Y',NULL,NULL),(89,'50102','2021년형 가솔린 터보 1.8 (개별소비세 3.5% 적용)','501','Y',NULL,NULL),(90,'50103','2021년형 LPG 2.0 (일반인 판매용) (개별소비세 3.5% 적용)','501','Y',NULL,NULL),(91,'50104','2021년형 LPG 2.0 (장애인용/렌터카)','501','N',NULL,NULL),(92,'50201','2021년형 가솔린 2.0 (개별소비세 3.5% 적용)','502','Y',NULL,NULL),(93,'50202','2021년형 LPG 2.0 (일반인 판매용) (개별소비세 3.5% 적용)','502','Y',NULL,NULL),(94,'50203','2021년형 LPG 2.0 (장애인용/렌터카)','502','N',NULL,NULL),(95,'30101','2021년형 가솔린 터보 1.2 (개별소비세 3.5% 적용)','301','Y',NULL,NULL),(96,'30102','2021년형 가솔린 터보 1.3 (개별소비세 3.5% 적용)','301','Y',NULL,NULL),(97,'40101','2021년형 디젤 2.2 7인승 (개별소비세 3.5% 적용)','401','Y',NULL,NULL),(98,'40102','2021년형 디젤 2.2 5인승 (개별소비세 3.5% 적용)','401','Y',NULL,NULL),(99,'60101','2020년형 가솔린 터보 2.5 (개별소비세 3.5% 적용)','601','Y',NULL,NULL),(100,'60102','2020년형 가솔린 터보 3.5 (개별소비세 3.5% 적용)','601','Y',NULL,NULL),(101,'60103','2020년형 디젤 2.2 (개별소비세 3.5% 적용)','601','Y',NULL,NULL),(102,'60201','2021년형 가솔린 3.8 (개별소비세 3.5% 적용)','602','Y',NULL,NULL),(103,'60202','2021년형 가솔린 5.0 (개별소비세 3.5% 적용)','602','Y',NULL,NULL),(104,'60203','2021년형 가솔린 터보 3.3 (개별소비세 3.5% 적용)','602','Y',NULL,NULL),(105,'60301','2020년형 가솔린 터보 2.5 (개별소비세 3.5% 적용)','603','Y',NULL,NULL),(106,'60302','2020년형 가솔린 터보 3.5 (개별소비세 3.5% 적용)','603','Y',NULL,NULL),(107,'60303','2020년형 디젤 3.0 (개별소비세 3.5% 적용)','603','Y',NULL,NULL),(108,'60401','2021년형 가솔린 터보 2.5 (개별소비세 3.5% 적용)','604','Y',NULL,NULL),(109,'60402','2021년형 가솔린 터보 3.5 (개별소비세 3.5% 적용)','604','Y',NULL,NULL),(110,'60403','2021년형 디젤 2.2 (개별소비세 3.5% 적용)','604','Y',NULL,NULL),(111,'70101','2021년형 AMG 세단 가솔린 3.0 (개별소비세 3.5% 적용)','701','Y',NULL,NULL),(112,'70102','2021년형 AMG 쿠페 가솔린 3.0 (개별소비세 3.5% 적용)','701','Y',NULL,NULL),(113,'70103','2021년형 세단 가솔린 2.0 (개별소비세 3.5% 적용)','701','Y',NULL,NULL),(114,'70104','2021년형 세단 가솔린 2.0 플러그인 하이브리드 (개별소비세 3.5% 적용)','701','Y',NULL,NULL),(115,'70105','2021년형 세단 가솔린 3.0 (개별소비세 3.5% 적용)','701','Y',NULL,NULL),(116,'70106','2021년형 세단 디젤 2.0 (개별소비세 3.5% 적용)','701','Y',NULL,NULL),(117,'70107','2021년형 카브리올레 가솔린 3.0 (개별소비세 3.5% 적용)','701','Y',NULL,NULL),(118,'70108','2021년형 쿠페 가솔린 3.0 (개별소비세 3.5% 적용)','701','Y',NULL,NULL),(119,'70201','2020년형 AMG 세단 가솔린 3.0 (개별소비세 3.5% 적용)','702','Y',NULL,NULL),(120,'70202','2020년형 AMG 쿠페 가솔린 3.0 (개별소비세 3.5% 적용)','702','Y',NULL,NULL),(121,'70203','2020년형 AMG 쿠페 가솔린 4.0 (개별소비세 3.5% 적용)','702','Y',NULL,NULL),(122,'70204','2020년형 세단 가솔린 2.0 (개별소비세 3.5% 적용)','702','Y',NULL,NULL),(123,'70205','2020년형 세단 디젤 2.0 (개별소비세 3.5% 적용)','702','Y',NULL,NULL),(124,'70206','2020년형 카브리올레 가솔린 2.0 (개별소비세 3.5% 적용)','702','Y',NULL,NULL),(125,'70207','2020년형 쿠페 가솔린 2.0 (개별소비세 3.5% 적용)','702','Y',NULL,NULL),(126,'70208','2021년형 세단 가솔린 2.0 (개별소비세 3.5% 적용)','702','Y',NULL,NULL),(127,'70209','2021년형 카브리올레 가솔린 2.0 (개별소비세 3.5% 적용)','702','Y',NULL,NULL),(128,'70301','2018년형 AMG 쿠페 가솔린 4.0 (개별소비세 3.5% 적용)','703','Y',NULL,NULL),(129,'70302','2020년형 AMG 세단 가솔린 4.0 (개별소비세 3.5% 적용)','703','Y',NULL,NULL),(130,'70303','2020년형 AMG 쿠페 가솔린 4.0 (개별소비세 3.5% 적용)','703','Y',NULL,NULL),(131,'70304','2020년형 세단 가솔린 3.0 (개별소비세 3.5% 적용)','703','Y',NULL,NULL),(132,'70305','2020년형 세단 가솔린 3.0 플러그인 하이브리드 (개별소비세 3.5% 적용)','703','Y',NULL,NULL),(133,'70306','2020년형 세단 가솔린 4.0 (개별소비세 3.5% 적용)','703','Y',NULL,NULL),(134,'70307','2020년형 세단 디젤 3.0 (개별소비세 3.5% 적용)','703','Y',NULL,NULL),(135,'70308','2020년형 쿠페 가솔린 3.0 (개별소비세 3.5% 적용)','703','Y',NULL,NULL),(136,'70309','2021년형 AMG 쿠페 가솔린 4.0 (개별소비세 3.5% 적용)','703','Y',NULL,NULL),(137,'70401','2020년형 AMG 가솔린 3.0 (개별소비세 3.5% 적용)','704','Y',NULL,NULL),(138,'70402','2020년형 AMG 쿠페 가솔린 3.0 (개별소비세 3.5% 적용)','704','Y',NULL,NULL),(139,'70403','2020년형 AMG 쿠페 가솔린 4.0 (개별소비세 3.5% 적용)','704','Y',NULL,NULL),(140,'70404','2020년형 가솔린 2.0 (개별소비세 3.5% 적용)','704','Y',NULL,NULL),(141,'70405','2020년형 가솔린 2.0 플러그인 하이브리드 (개별소비세 3.5% 적용)','704','Y',NULL,NULL),(142,'70406','2020년형 디젤 2.0 (개별소비세 3.5% 적용)','704','Y',NULL,NULL),(143,'70407','2020년형 쿠페 가솔린 2.0 (개별소비세 3.5% 적용)','704','Y',NULL,NULL),(144,'70408','2020년형 쿠페 가솔린 2.0 플러그인 하이브리드 (개별소비세 3.5% 적용)','704','Y',NULL,NULL),(145,'70409','2020년형 쿠페 디젤 2.0 (개별소비세 3.5% 적용)','704','Y',NULL,NULL),(146,'70410','2021년형 AMG 가솔린 3.0 (개별소비세 3.5% 적용)','704','Y',NULL,NULL),(147,'70411','2021년형 AMG 쿠페 가솔린 3.0 (개별소비세 3.5% 적용)','704','Y',NULL,NULL),(148,'70412','2021년형 가솔린 2.0 플러그인 하이브리드 (개별소비세 3.5% 적용)','704','Y',NULL,NULL),(149,'70413','2021년형 쿠페 가솔린 2.0 플러그인 하이브리드 (개별소비세 3.5% 적용)','704','Y',NULL,NULL),(150,'70501','2020년형 가솔린 3.0 (개별소비세 3.5% 적용)','705','Y',NULL,NULL),(151,'70502','2020년형 디젤 2.0 (개별소비세 3.5% 적용)','705','Y',NULL,NULL),(152,'70503','2020년형 쿠페 디젤 3.0 (개별소비세 3.5% 적용)','705','Y',NULL,NULL),(153,'70601','2020년형 가솔린 2.0 (개별소비세 3.5% 적용)','706','Y',NULL,NULL),(154,'70602','2021년형 가솔린 2.0 (개별소비세 3.5% 적용)','706','Y',NULL,NULL),(155,'70603','2021년형 디젤 2.0 (개별소비세 3.5% 적용)','706','Y',NULL,NULL),(156,'70604','2021년형 AMG 가솔린 2.0 (개별소비세 3.5% 적용)','706','Y',NULL,NULL),(157,'80101','2021년형 가솔린 2.0 (개별소비세 3.5% 적용)','801','Y',NULL,NULL),(158,'80102','2021년형 가솔린 2.0 플러그인 하이브리드 (개별소비세 3.5% 적용)','801','Y',NULL,NULL),(159,'80103','2021년형 가솔린 3.0 (개별소비세 3.5% 적용)','801','Y',NULL,NULL),(160,'80104','2021년형 가솔린 4.4 (개별소비세 3.5% 적용)','801','Y',NULL,NULL),(161,'80105','2021년형 디젤 2.0 (개별소비세 3.5% 적용)','801','Y',NULL,NULL),(162,'80201','2021년형 가솔린 3.0 (개별소비세 3.5% 적용)','802','Y',NULL,NULL),(163,'80202','2021년형 가솔린 3.0 플러그인 하이브리드 (개별소비세 3.5% 적용)','802','Y',NULL,NULL),(164,'80203','2021년형 가솔린 6.6 (개별소비세 3.5% 적용)','802','Y',NULL,NULL),(165,'80204','2021년형 디젤 3.0 (개별소비세 3.5% 적용)','802','Y',NULL,NULL),(166,'80301','2021년형 디젤 2.0 (개별소비세 3.5% 적용)','803','Y',NULL,NULL),(167,'80401','2021년형 그란쿠페 가솔린 2.0 (개별소비세 3.5% 적용)','804','Y',NULL,NULL),(168,'80402','2021년형 그란쿠페 디젤 2.0 (개별소비세 3.5% 적용)','804','Y',NULL,NULL),(169,'80501','2021년형 세단 가솔린 2.0 (개별소비세 3.5% 적용)','805','Y',NULL,NULL),(170,'80502','2021년형 세단 가솔린 3.0 (개별소비세 3.5% 적용)','805','Y',NULL,NULL),(171,'80503','2021년형 세단 디젤 2.0 (개별소비세 3.5% 적용)','805','Y',NULL,NULL),(172,'!80504','2021년형 투어링 가솔린 2.0 (개별소비세 3.5% 적용)','805','N',NULL,NULL),(173,'!80505','2021년형 투어링 디젤 2.0 (개별소비세 3.5% 적용)','805','N',NULL,NULL),(174,'80601','2021년형 가솔린 2.0 (개별소비세 3.5% 적용)','806','Y',NULL,NULL),(175,'80602','2021년형 디젤 2.0 (개별소비세 3.5% 적용)','806','Y',NULL,NULL),(176,'80701','2021년형 디젤 3.0 (개별소비세 3.5% 적용)','807','Y',NULL,NULL),(177,'80702','2021년형 가솔린 3.0 (개별소비세 3.5% 적용)','807','Y',NULL,NULL),(178,'80703','2021년형 가솔린 4.4 (개별소비세 3.5% 적용)','807','Y',NULL,NULL),(179,'80704','2021년형 가솔린 3.0 플러그인 하이브리드 (개별소비세 3.5% 적용)','807','Y',NULL,NULL),(180,'90101','2020년형 디젤 2.0 (개별소비세 3.5% 적용)','901','Y',NULL,NULL),(181,'90102','2020년형 가솔린 2.0 (개별소비세 3.5% 적용)','901','Y',NULL,NULL),(182,'90103','2020년형 디젤 3.0 (개별소비세 3.5% 적용)','901','Y',NULL,NULL),(183,'90104','2020년형 S6 디젤 3.0 (개별소비세 3.5% 적용)','901','Y',NULL,NULL),(184,'90201','2020년형 디젤 3.0 (개별소비세 3.5% 적용)','902','Y',NULL,NULL),(185,'90202','2021년형 가솔린 3.0 (개별소비세 3.5% 적용)','902','Y',NULL,NULL),(186,'90203','2021년형 S7 디젤 3.0 (개별소비세 3.5% 적용)','902','Y',NULL,NULL),(187,'90204','2020년형 가솔린 3.0 (개별소비세 3.5% 적용)','902','Y',NULL,NULL),(188,'90205','2020년형 S7 디젤 3.0 (개별소비세 3.5% 적용)','902','Y',NULL,NULL),(189,'90301','2020년형 디젤 3.0 (개별소비세 3.5% 적용)','903','Y',NULL,NULL),(190,'90302','2020년형 가솔린 3.0 (개별소비세 3.5% 적용)','903','Y',NULL,NULL),(191,'90303','2020년형 S8 가솔린 4.0 (개별소비세 3.5% 적용)','903','Y',NULL,NULL),(192,'21101','2021년형 가솔린 2.5 (개별소비세 3.5% 적용)','211','Y',NULL,NULL),(193,'21102','2021년형 가솔린 3.5 (개별소비세 3.5% 적용)','211','Y',NULL,NULL),(194,'21103','2021년형 LPG 3.5 (일반인) (개별소비세 3.5% 적용)','211','N',NULL,'2021-06-09 16:24:50'),(195,'70701','2021년형 해치백 가솔린 2.0 (개별소비세 3.5% 적용)','707','Y',NULL,NULL),(196,'70702','2021년형 세단 가솔린 2.0 (개별소비세 3.5% 적용)','707','Y',NULL,NULL),(197,'70703','2021년형 세단 디젤 2.0 (개별소비세 3.5% 적용)','707','Y',NULL,NULL),(198,'70801','2021년형 가솔린 3.0 (개별소비세 3.5% 적용)','708','Y',NULL,NULL),(199,'80801','2021년형 그란쿠페 가솔린 2.0 (개별소비세 3.5% 적용)','808','Y',NULL,NULL),(200,'80802','2021년형 그란쿠페 디젤 2.0 (개별소비세 3.5% 적용)','808','Y',NULL,NULL),(201,'90401','2020년형 가솔린 2.0 (개별소비세 3.5% 적용)','904','Y',NULL,NULL),(202,'90402','2021년형 가솔린 2.0 (개별소비세 3.5% 적용)','904','Y',NULL,NULL),(203,'90403','2021년형 디젤 2.0 (개별소비세 3.5% 적용)','904','Y',NULL,NULL),(204,'90404','2020년형 디젤 2.0 (개별소비세 3.5% 적용)','904','Y',NULL,NULL),(205,'90501','2020년형 스포트백 디젤 2.0 (개별소비세 3.5% 적용)','905','Y',NULL,NULL),(206,'90502','2021년형 스포트백 가솔린 2.0 (개별소비세 3.5% 적용)','905','Y',NULL,NULL),(207,'90503','2021년형 스포트백 디젤 2.0 (개별소비세 3.5% 적용)','905','Y',NULL,NULL),(208,'90504','2020년형 스포트백 가솔린 2.0 (개별소비세 3.5% 적용)','905','Y',NULL,NULL),(209,'90505','2020년형 쿠페 가솔린 2.0 (개별소비세 3.5% 적용)','905','Y',NULL,NULL),(210,'90506','2020년형 카브리올레 가솔린 2.0 (개별소비세 3.5% 적용)','905','Y',NULL,NULL),(211,'90601','2020년형 디젤 3.0 (개별소비세 3.5% 적용)','906','Y',NULL,NULL),(212,'90602','2021년형 디젤 3.0 (개별소비세 3.5% 적용)','906','Y',NULL,NULL),(213,'90701','2020년형 디젤 3.0 (개별소비세 3.5% 적용)','907','Y',NULL,NULL),(214,'90702','2021년형 디젤 3.0 (개별소비세 3.5% 적용)','907','Y',NULL,NULL),(215,'90703','2021년형 SQ8 디젤 4.0 (개별소비세 3.5% 적용)','907','Y',NULL,NULL),(216,'90704','2020년형 SQ8 디젤 4.0 (개별소비세 3.5% 적용)','907','Y',NULL,NULL),(217,'21201','2021년형 디젤 1.6 (개별소비세 3.5% 적용)','212','Y',NULL,NULL),(218,'21202','2021년형 가솔린 터보 1.6 (개별소비세 3.5% 적용)','212','Y',NULL,NULL),(219,'21301','2021년형 가솔린 터보 2.5 RWD (개별소비세 3.5% 적용)','213','Y',NULL,NULL),(220,'21302','2021년형 가솔린 터보 2.5 AWD (개별소비세 3.5% 적용)','213','Y',NULL,NULL),(221,'21303','2021년형 가솔린 터보 3.3 RWD (개별소비세 3.5% 적용)','213','Y',NULL,NULL),(222,'21304','2021년형 가솔린 터보 3.3 AWD (개별소비세 3.5% 적용)','213','Y',NULL,NULL),(223,'21401','2019년형 가솔린 1.6 하이브리드 (개별소비세 3.5% 적용)','214','Y',NULL,NULL),(224,'21402','2019년형 가솔린 1.6 플러그인 하이브리드 (개별소비세 3.5% 적용)','214','N',NULL,'2021-06-09 15:02:11'),(225,'60501','2021년형 디젤 2.2 (개별소비세 3.5% 적용)','605','Y',NULL,NULL),(226,'60502','2021년형 가솔린 터보 2.0 (개별소비세 3.5% 적용)','605','Y',NULL,NULL),(227,'60503','2021년형 가솔린 터보 3.3 (개별소비세 3.5% 적용)','605','Y',NULL,NULL),(228,'10801','2021년형 가솔린 1.6 하이브리드 (개별소비세 3.5% 적용)','108','Y',NULL,NULL),(229,'10802','2021년형 가솔린 터보 1.6 (개별소비세 3.5% 적용)','108','Y',NULL,NULL),(230,'10803','2021년형 가솔린 터보 1.6 (N 라인) (개별소비세 3.5% 적용)','108','Y',NULL,NULL),(231,'10804','2021년형 가솔린 2.0 (개별소비세 3.5% 적용)','108','Y',NULL,NULL),(232,'10901','2020년형 디젤 2.5','109','Y',NULL,NULL),(233,'11001','2020년형 디젤 2.5 2WD (개별소비세 3.5% 적용)','110','Y',NULL,NULL),(234,'21104','2021년형 LPG 3.5 (렌터카/장애인용/택시)','211','N',NULL,NULL),(235,'11101','2021년형 디젤 2.2 투어러(9/11인승)','111','Y','2021-04-27 16:57:41',NULL),(236,'11102','2021년형 디젤 2.2 라운지(7/9인승) (개별소비세 3.5% 적용)','111','Y','2021-04-27 16:58:05',NULL),(237,'11103','2021년형 LPG 3.5 투어러(9/11인승)','111','Y','2021-04-27 16:58:17',NULL),(238,'11104','2021년형 LPG 3.5 라운지(7/9인승) (개별소비세 3.5% 적용)','111','Y','2021-04-27 16:58:29',NULL),(239,'70901','2021년형 디젤 3.0 (개별소비세 3.5% 적용)','709','Y','2021-05-17 14:51:38',NULL),(240,'70902','2021년형 가솔린 3.0 (개별소비세 3.5% 적용)','709','Y','2021-05-17 14:51:54',NULL),(241,'70903','2021년형 가솔린 4.0 (개별소비세 3.5% 적용)','709','Y','2021-05-17 14:52:03',NULL),(244,'10106','2021년형 가솔린 3.3 (개별소비세 3.5% 적용)','101','Y','2021-06-07 11:09:47',NULL),(245,'10107','2021년형 가솔린 2.5 (개별소비세 3.5% 적용)','101','Y','2021-06-07 11:10:24',NULL),(246,'10108','2021년형 가솔린 2.4 하이브리드 (개별소비세 3.5% 적용)','101','Y','2021-06-07 11:10:39',NULL),(247,'10109','2021년형 LPG 3.0 (일반판매용) (개별소비세 3.5% 적용)','101','N','2021-06-07 11:11:00','2021-06-09 16:30:25'),(248,'10110','2021년형 LPG 3.0 (장애인용/렌터카/택시)','101','N','2021-06-07 11:11:18','2021-06-09 16:30:29'),(249,'21105','2021년형 가솔린 터보 1.6 하이브리드 (개별소비세 3.5% 적용)','211','Y','2021-06-07 11:23:32','2021-08-20 18:07:50'),(250,'21010','2020년형 디젤 2.2 (7인승 하이리무진) (개별소비세 3.5% 적용)','210','Y','2021-06-07 11:31:36',NULL),(251,'40201','2021년형 가솔린 1.5 (개별소비세 3.5% 적용)','402','Y','2021-06-14 11:30:35',NULL),(252,'40202','2022년형 가솔린 1.5 (사양변경-개별소비세 3.5% 적용)','402','Y','2021-06-14 11:30:52',NULL),(253,'40203','2022년형 가솔린 1.5 (개별소비세 3.5% 적용)','402','Y','2021-06-14 11:31:07',NULL),(254,'10407','2021년형 가솔린 2.0 센슈어스 (개별소비세 3.5% 적용)','104','Y','2021-06-21 15:59:36',NULL),(255,'10408','2021년형 가솔린 2.5 터보 (N 라인) (개별소비세 3.5% 적용)','104','Y','2021-06-21 15:59:46',NULL),(256,'10409','2021년형 가솔린 터보 1.6 센슈어스 (개별소비세 3.5% 적용)','104','Y','2021-06-21 16:04:22',NULL),(257,'10410','2021년형 가솔린 2.0 하이브리드 (개별소비세 3.5% 적용)','104','Y','2021-06-21 16:10:36',NULL),(258,'10205','2021년형 가솔린 터보 1.6 하이브리드 AWD (개별소비세 3.5% 적용)','102','Y','2021-07-28 13:21:10','2021-07-28 13:30:08'),(259,'10206','2021년형 가솔린 터보 1.6 하이브리드 2WD (개별소비세 3.5% 적용)','102','Y','2021-07-28 13:50:20',NULL),(260,'20810','2022년형 가솔린 터보 1.6 (개별소비세 3.5% 적용)','208','Y','2021-07-28 13:58:56',NULL),(261,'20811','2022년형 가솔린 2.0 (개별소비세 3.5% 적용)','208','Y','2021-07-28 13:59:13',NULL),(262,'20812','2022년형 가솔린 2.0 하이브리드 (개별소비세 3.5% 적용)','208','Y','2021-07-28 13:59:41',NULL),(263,'20813','2022년형 LPG 2.0 (일반인 판매용) (개별소비세 3.5% 적용)','208','N','2021-07-28 13:59:58','2021-07-28 14:00:23'),(264,'20814','2022년형 LPG 2.0 (렌터카/장애인용)','208','N','2021-07-28 14:00:16',NULL),(265,'20815','2021년형 LPG 2.0 (렌터카/장애인용)','208','N','2021-07-28 14:06:37',NULL),(266,'20907','2022년형 가솔린 터보 1.6 하이브리드 2WD (개별소비세 3.5% 적용)','209','Y','2021-07-29 16:59:37',NULL),(267,'20908','2022년형 가솔린 터보 2.5 2WD (개별소비세 3.5% 적용)','209','Y','2021-07-29 16:59:55',NULL),(268,'20909','2022년형 가솔린 터보 2.5 4WD (개별소비세 3.5% 적용)','209','Y','2021-07-29 17:00:12',NULL),(269,'20910','2022년형 가솔린 터보 1.6 하이브리드 4WD (개별소비세 3.5% 적용)','209','Y','2021-07-29 17:00:27',NULL),(270,'20911','2022년형 디젤 2.2 2WD (개별소비세 3.5% 적용)','209','Y','2021-07-29 17:00:49',NULL),(271,'20912','2022년형 디젤 2.2 4WD (개별소비세 3.5% 적용)','209','Y','2021-07-29 17:01:07',NULL),(272,'21011','2022년형 디젤 2.2 (9인승)','210','Y','2021-07-29 17:29:59',NULL),(273,'21012','2022년형 가솔린 3.5 (7인승) (개별소비세 3.5% 적용)','210','Y','2021-07-29 17:30:21',NULL),(274,'21013','2022년형 가솔린 3.5 (9인승)','210','Y','2021-07-29 17:30:40',NULL),(275,'21014','2022년형 가솔린 3.5 (11인승)','210','Y','2021-07-29 17:31:05',NULL),(276,'21015','2022년형 디젤 2.2 (7인승) (개별소비세 3.5% 적용)','210','Y','2021-07-29 17:46:39',NULL),(277,'21016','2022년형 디젤 2.2 (11인승)','210','Y','2021-07-29 17:47:02',NULL),(278,'21017','2022년형 가솔린 3.5 (4인승 하이리무진) (개별소비세 3.5% 적용)','210','Y','2021-07-29 17:47:37',NULL),(279,'60104','2022년형 가솔린 터보 2.5 (개별소비세 3.5% 적용)','601','Y','2021-07-29 18:03:12',NULL),(280,'60105','2022년형 가솔린 터보 3.5 (개별소비세 3.5% 적용)','601','Y','2021-07-29 18:03:28',NULL),(281,'60106','2022년형 디젤 2.2 (개별소비세 3.5% 적용)','601','Y','2021-07-29 18:03:48',NULL),(282,'10304','2021년형 가솔린 터보 1.6 하이브리드 (개별소비세 3.5% 적용)','103','Y','2021-07-29 19:22:42',NULL),(294,'10305','2021년형 가솔린 터보 1.6 (N 라인) (개별소비세 3.5% 적용)','103','Y','2021-08-20 17:36:18',NULL),(295,'10306','2021년형 가솔린 터보 1.6 하이브리드 (N 라인) (개별소비세 3.5% 적용)','103','Y','2021-08-20 17:38:46',NULL),(296,'10307','2021년형 디젤 2.0 (N 라인) (개별소비세 3.5% 적용)','103','Y','2021-08-20 17:39:02',NULL),(297,'21018','2022년형 가솔린 3.5 (7인승 하이리무진) (개별소비세 3.5% 적용)','210','Y','2021-08-20 17:46:07','2021-08-20 17:51:44'),(298,'21019','2022년형 가솔린 3.5 (9인승 하이리무진)','210','Y','2021-08-20 17:46:38',NULL),(299,'21020','2022년형 디젤 2.2 (7인승 하이리무진) (개별소비세 3.5% 적용)','210','Y','2021-08-20 17:47:03',NULL),(300,'21021','2022년형 디젤 2.2 (9인승 하이리무진)','210','Y','2021-08-20 17:47:15','2021-08-20 17:51:58'),(301,'20711','2022년형 디젤 2.0 2WD (개별소비세 3.5% 적용)','207','Y','2021-08-20 17:57:25',NULL),(302,'20712','2022년형 가솔린 터보 1.6 2WD (개별소비세 3.5% 적용)','207','Y','2021-08-20 17:57:40',NULL),(303,'20713','2022년형 가솔린 터보 1.6 4WD (개별소비세 3.5% 적용)','207','Y','2021-08-20 17:57:54',NULL),(304,'20714','2022년형 가솔린 터보 1.6 하이브리드 (개별소비세 3.5% 적용)','207','Y','2021-08-20 17:58:08',NULL),(305,'20715','2022년형 디젤 2.0 4WD (개별소비세 3.5% 적용)','207','Y','2021-08-20 17:58:26',NULL);
/*!40000 ALTER TABLE `lineup` ENABLE KEYS */;
UNLOCK TABLES;

--
-- Table structure for table `model`
--

DROP TABLE IF EXISTS `model`;
/*!40101 SET @saved_cs_client     = @@character_set_client */;
/*!40101 SET character_set_client = utf8 */;
CREATE TABLE `model` (
  `id` int(11) NOT NULL AUTO_INCREMENT,
  `modelcode` varchar(45) NOT NULL,
  `modelname` varchar(45) NOT NULL,
  `danawacode` varchar(45) DEFAULT NULL,
  `brandcode` varchar(45) NOT NULL,
  `etc` varchar(100) DEFAULT NULL,
  `created` datetime DEFAULT NULL,
  `updated` datetime DEFAULT NULL,
  PRIMARY KEY (`id`),
  UNIQUE KEY `modelcode` (`modelcode`),
  UNIQUE KEY `modelname` (`modelname`),
  UNIQUE KEY `danawacode` (`danawacode`)
) ENGINE=InnoDB AUTO_INCREMENT=60 DEFAULT CHARSET=utf8;
/*!40101 SET character_set_client = @saved_cs_client */;

--
-- Dumping data for table `model`
--

LOCK TABLES `model` WRITE;
/*!40000 ALTER TABLE `model` DISABLE KEYS */;
INSERT INTO `model` VALUES (1,'101','그랜저','74759','1','',NULL,'2021-06-07 11:05:00'),(2,'102','더 뉴 싼타페','75330','1','',NULL,'2021-07-29 18:47:36'),(3,'103','디 올 뉴 투싼','71091','1',NULL,NULL,NULL),(4,'104','쏘나타','70587','1',NULL,NULL,NULL),(5,'112','팰리세이드','69346','1','',NULL,'2021-09-02 15:36:30'),(6,'106','포터2','62308','1',NULL,NULL,NULL),(7,'107','아반떼','70912','1','',NULL,'2021-07-29 18:42:53'),(8,'201','모닝 어반','68327','2',NULL,NULL,NULL),(9,'202','레이','68575','2',NULL,NULL,NULL),(10,'203','K3','69060','2',NULL,NULL,NULL),(11,'204','K7','71281','2',NULL,NULL,NULL),(12,'205','K9','69052','2',NULL,NULL,NULL),(13,'206','모하비','73613','2','',NULL,'2021-08-17 15:42:34'),(14,'207','디 올 뉴 스포티지','75282','2','',NULL,'2021-08-20 17:55:18'),(15,'208','신형 K5','71481','2',NULL,NULL,NULL),(16,'209','쏘렌토','75338','2','2022년형으로되면서변경됨',NULL,'2021-07-29 17:02:57'),(17,'210','카니발','70807','2',NULL,NULL,NULL),(18,'501','SM6','70746','5',NULL,NULL,NULL),(19,'502','뉴 QM6','71737','5',NULL,NULL,NULL),(20,'301','트레일블레이저','68791','3',NULL,NULL,NULL),(21,'401','쌍용 올 뉴 렉스턴','71727','4',NULL,NULL,NULL),(22,'601','G80','69506','6',NULL,NULL,NULL),(23,'602','G90','73461','6',NULL,NULL,NULL),(24,'603','GV80','70463','6',NULL,NULL,NULL),(25,'604','GV70','71838','6',NULL,NULL,NULL),(26,'701','The New E-Class','71112','7',NULL,NULL,NULL),(27,'702','C-Class','69581','7',NULL,NULL,NULL),(28,'703','S-Class','73044','7',NULL,NULL,NULL),(29,'704','GLC-Class','67277','7','',NULL,'2021-04-27 17:09:20'),(30,'705','The New GLE-Class','69591','7',NULL,NULL,NULL),(31,'706','GLB-Class','73953','7','',NULL,'2021-04-27 17:05:05'),(32,'801','New 5 Series','71122','8',NULL,NULL,NULL),(33,'802','7 Series','72637','8',NULL,NULL,NULL),(34,'803','1 Series','71343','8',NULL,NULL,NULL),(35,'804','2 Series','71349','8',NULL,NULL,NULL),(36,'805','New 3 Series','71312','8',NULL,NULL,NULL),(37,'806','X2','71400','8',NULL,NULL,NULL),(38,'807','X5','71465','8',NULL,NULL,NULL),(39,'901','A6','69882','9',NULL,NULL,NULL),(40,'902','A7','69873','9',NULL,NULL,NULL),(41,'903','A8','70904','9',NULL,NULL,NULL),(42,'211','K8','74996','2','',NULL,'2021-08-20 18:06:03'),(43,'707','A-Class','70077','7',NULL,NULL,NULL),(44,'708','CLS-Class','69588','7',NULL,NULL,NULL),(45,'808','4 Series','71372','8',NULL,NULL,NULL),(46,'904','A4','69894','9',NULL,NULL,NULL),(47,'905','A5','69898','9',NULL,NULL,NULL),(48,'906','Q7','69890','9',NULL,NULL,NULL),(49,'907','Q8','69887','9',NULL,NULL,NULL),(50,'212','셀토스','73573','2',NULL,NULL,NULL),(51,'213','스팅어','70957','2',NULL,NULL,NULL),(52,'214','니로','68993','2',NULL,NULL,NULL),(53,'605','G70','71527','6',NULL,NULL,NULL),(54,'108','더 뉴 코나','71439','1',NULL,NULL,NULL),(55,'109','쏠라티','71010','1',NULL,NULL,NULL),(56,'110','포레스트','73476','1',NULL,NULL,NULL),(57,'111','스타리아','74061','1','','2021-04-27 16:57:06',NULL),(58,'709','The new S-Class','69658','7','','2021-05-17 14:51:16','2021-05-17 14:55:20'),(59,'402','쌍용 티볼리','74607','4','','2021-06-14 11:27:11','2021-06-14 12:14:32');
/*!40000 ALTER TABLE `model` ENABLE KEYS */;
UNLOCK TABLES;

--
-- Table structure for table `note`
--

DROP TABLE IF EXISTS `note`;
/*!40101 SET @saved_cs_client     = @@character_set_client */;
/*!40101 SET character_set_client = utf8 */;
CREATE TABLE `note` (
  `idnote` int(11) NOT NULL AUTO_INCREMENT,
  `firstDate` varchar(45) DEFAULT NULL,
  `channel` varchar(45) DEFAULT NULL,
  `danawaNumber` varchar(45) DEFAULT NULL,
  `c_name` varchar(45) DEFAULT NULL,
  `c_contact` varchar(45) DEFAULT NULL,
  `c_location` varchar(45) DEFAULT NULL,
  `rentlease` varchar(45) DEFAULT NULL,
  `c_content` varchar(1000) DEFAULT NULL,
  `sales_content` varchar(1000) DEFAULT NULL,
  `usercode` int(11) NOT NULL,
  PRIMARY KEY (`idnote`)
) ENGINE=InnoDB AUTO_INCREMENT=3 DEFAULT CHARSET=utf8;
/*!40101 SET character_set_client = @saved_cs_client */;

--
-- Dumping data for table `note`
--

LOCK TABLES `note` WRITE;
/*!40000 ALTER TABLE `note` DISABLE KEYS */;
INSERT INTO `note` VALUES (1,'2021-9-8','다나와','','','','','렌트','','',1),(2,'2021-9-8','다나와','','','','','렌트','','',1);
/*!40000 ALTER TABLE `note` ENABLE KEYS */;
UNLOCK TABLES;

--
-- Table structure for table `trim`
--

DROP TABLE IF EXISTS `trim`;
/*!40101 SET @saved_cs_client     = @@character_set_client */;
/*!40101 SET character_set_client = utf8 */;
CREATE TABLE `trim` (
  `id` int(11) NOT NULL AUTO_INCREMENT,
  `trimcode` varchar(45) NOT NULL,
  `trimname` varchar(200) NOT NULL,
  `lineupcode` varchar(45) NOT NULL,
  `usepart` varchar(10) NOT NULL,
  `price` int(11) DEFAULT NULL,
  `created` datetime DEFAULT NULL,
  `updated` datetime DEFAULT NULL,
  PRIMARY KEY (`id`),
  UNIQUE KEY `trimcode` (`trimcode`)
) ENGINE=InnoDB AUTO_INCREMENT=1071 DEFAULT CHARSET=utf8;
/*!40101 SET character_set_client = @saved_cs_client */;

--
-- Dumping data for table `trim`
--

LOCK TABLES `trim` WRITE;
/*!40000 ALTER TABLE `trim` DISABLE KEYS */;
INSERT INTO `trim` VALUES (1,'2060101','플래티넘 5인승 (A/T)','20601','Y',47020000,NULL,NULL),(2,'2060102','플래티넘 6인승 (A/T)','20601','Y',48050000,NULL,NULL),(3,'2060103','플래티넘 7인승 (A/T)','20601','Y',47660000,NULL,NULL),(4,'2060104','마스터즈 5인승 (A/T)','20601','Y',51640000,NULL,NULL),(5,'2060105','마스터즈 6인승 (A/T)','20601','Y',52670000,NULL,NULL),(6,'2060106','마스터즈 7인승 (A/T)','20601','Y',52280000,NULL,NULL),(7,'2060107','마스터즈 그래비티 5인승 (A/T)','20601','Y',55860000,NULL,NULL),(8,'2060108','마스터즈 그래비티 6인승 (A/T)','20601','Y',56890000,NULL,NULL),(9,'2060109','마스터즈 그래비티 7인승 (A/T)','20601','Y',56500000,NULL,NULL),(10,'2060201','플래티넘 5인승 (A/T)','20602','Y',47020000,NULL,NULL),(11,'2060202','플래티넘 6인승 (A/T)','20602','Y',48050000,NULL,NULL),(12,'2060203','플래티넘 7인승 (A/T)','20602','Y',47660000,NULL,NULL),(13,'2060204','마스터즈 5인승 (A/T)','20602','Y',51640000,NULL,NULL),(14,'2060205','마스터즈 6인승 (A/T)','20602','Y',52670000,NULL,NULL),(15,'2060206','마스터즈 7인승 (A/T)','20602','Y',52280000,NULL,NULL),(16,'2060207','마스터즈 그래비티 5인승 (A/T)','20602','Y',55860000,NULL,NULL),(17,'2060208','마스터즈 그래비티 6인승 (A/T)','20602','Y',56890000,NULL,NULL),(18,'2060209','마스터즈 그래비티 7인승 (A/T)','20602','Y',56500000,NULL,NULL),(19,'1040201','스마트 (A/T)','10402','Y',27540000,NULL,NULL),(20,'1020301','프리미엄 초이스 (5인승) (A/T)','10203','Y',32050000,NULL,NULL),(21,'1020303','프레스티지 (5인승) (A/T)','10203','Y',35140000,NULL,NULL),(22,'2100301','노블레스 (A/T)','21003','Y',38240000,NULL,NULL),(23,'2100302','시그니처 (A/T)','21003','Y',42360000,NULL,NULL),(24,'2100501','프레스티지 (A/T)','21005','Y',31600000,NULL,NULL),(25,'2100502','노블레스 (A/T)','21005','Y',35900000,NULL,NULL),(26,'2100503','시그니처 (A/T)','21005','Y',39850000,NULL,NULL),(27,'2100801','프레스티지 (A/T)','21008','Y',32800000,NULL,NULL),(28,'2100802','노블레스 (A/T)','21008','Y',37100000,NULL,NULL),(29,'2100803','시그니처 (A/T)','21008','Y',41050000,NULL,NULL),(30,'2100901','시그니처 (A/T)','21009','Y',41050000,NULL,NULL),(31,'2100601','프레스티지 (A/T)','21006','Y',32800000,NULL,NULL),(32,'2100602','노블레스 (A/T)','21006','Y',37100000,NULL,NULL),(33,'2100603','시그니처 (A/T)','21006','Y',41050000,NULL,NULL),(34,'2100604','시그니처 (A/T)','21006','Y',41050000,NULL,NULL),(35,'2100101','프레스티지 (A/T)','21001','Y',31600000,NULL,NULL),(36,'2100102','노블레스 (A/T)','21001','Y',35900000,NULL,NULL),(37,'2100103','시그니처 (A/T)','21001','Y',39850000,NULL,NULL),(38,'2100701','노블레스 (A/T)','21007','Y',39420000,NULL,NULL),(39,'2100702','시그니처 (A/T)','21007','Y',43540000,NULL,NULL),(40,'2100201','시그니처 (A/T)','21002','Y',62710000,NULL,NULL),(41,'2100401','시그니처 (A/T)','21004','Y',60660000,NULL,NULL),(42,'1020304','프레스티지 (7인승) (A/T)','10203','Y',35780000,NULL,NULL),(43,'1020308','프리미엄 (7인승) (A/T)','10203','Y',31860000,NULL,NULL),(44,'1020302','프리미엄 초이스 (7인승) (A/T)','10203','Y',32690000,NULL,NULL),(45,'1020401','프리미엄 (5인승) (A/T)','10204','Y',33480000,NULL,NULL),(46,'1020402','프리미엄 (7인승) (A/T)','10204','Y',34120000,NULL,NULL),(47,'1020403','프리미엄 초이스 (5인승) (A/T)','10204','Y',34310000,NULL,NULL),(48,'1020404','프리미엄 초이스 (7인승) (A/T)','10204','Y',34950000,NULL,NULL),(49,'1020405','프레스티지 (5인승) (A/T)','10204','Y',37400000,NULL,NULL),(50,'1020406','프레스티지 (7인승) (A/T)','10204','Y',38040000,NULL,NULL),(51,'6020301','럭셔리 AWD (A/T)','60203','Y',84420000,NULL,NULL),(52,'6020101','럭셔리 AWD (A/T)','60201','Y',81480000,NULL,NULL),(53,'6020102','럭셔리 RWD (A/T)','60201','Y',79030000,NULL,NULL),(54,'6020103','프리미엄 럭셔리 AWD (A/T)','60201','Y',93750000,NULL,NULL),(55,'6020104','프레스티지 AWD (A/T)','60201','Y',111910000,NULL,NULL),(56,'6020302','럭셔리 RWD (A/T)','60203','Y',81970000,NULL,NULL),(57,'6020303','프리미엄 럭셔리 AWD (A/T)','60203','Y',96700000,NULL,NULL),(58,'6020304','프레스티지 AWD (A/T)','60203','Y',114860000,NULL,NULL),(59,'6020201','프레스티지 AWD (A/T)','60202','Y',119770000,NULL,NULL),(60,'1120102','익스클루시브 (8인승) (A/T)','11201','Y',35730000,NULL,NULL),(61,'1120104','프레스티지 (8인승) (A/T)','11201','Y',41130000,NULL,NULL),(62,'1120302','익스클루시브 (8인승) (A/T)','11203','Y',37210000,NULL,NULL),(63,'1120304','프레스티지 (8인승) (A/T)','11203','Y',42610000,NULL,NULL),(64,'2070701','트렌디 (A/T)','20707','Y',24150000,NULL,NULL),(65,'2070702','프레스티지 (A/T)','20707','Y',26210000,NULL,NULL),(66,'1120101','익스클루시브 (7인승) (A/T)','11201','Y',36020000,NULL,NULL),(67,'2070703','프레스티지 그래비티 (A/T)','20707','Y',26550000,NULL,NULL),(68,'2070704','시그니처 (A/T)','20707','Y',29500000,NULL,NULL),(69,'1120103','프레스티지 (7인승) (A/T)','11201','Y',41420000,NULL,NULL),(70,'1120202','익스클루시브 (8인승) (A/T)','11202','Y',38040000,NULL,NULL),(71,'1120201','익스클루시브 (7인승) (A/T)','11202','Y',38330000,NULL,NULL),(72,'1120204','프레스티지 (8인승) (A/T)','11202','Y',43440000,NULL,NULL),(73,'1120203','프레스티지 (7인승) (A/T)','11202','Y',43730000,NULL,NULL),(74,'1120205','캘리그래피 (7인승) (A/T)','11202','Y',48550000,NULL,NULL),(75,'2070705','시그니처 그래비티 (A/T)','20707','Y',29840000,NULL,NULL),(76,'2070801','트렌디 (A/T)','20708','Y',26210000,NULL,NULL),(77,'1120301','익스클루시브 (7인승) (A/T)','11203','Y',37500000,NULL,NULL),(78,'1120303','프레스티지 (7인승) (A/T)','11203','Y',42900000,NULL,NULL),(79,'1120402','익스클루시브 (8인승) (A/T)','11204','Y',39520000,NULL,NULL),(80,'1120401','익스클루시브 (7인승) (A/T)','11204','Y',39810000,NULL,NULL),(81,'1120404','프레스티지 (8인승) (A/T)','11204','Y',44920000,NULL,NULL),(82,'1120403','프레스티지 (7인승) (A/T)','11204','Y',45210000,NULL,NULL),(83,'1120405','캘리그래피 (7인승) (A/T)','11204','Y',50030000,NULL,NULL),(84,'2070802','프레스티지 (A/T)','20708','Y',28270000,NULL,NULL),(85,'2070803','프레스티지 그래비티 (A/T)','20708','Y',28610000,NULL,NULL),(86,'2070804','시그니처 (A/T)','20708','Y',31560000,NULL,NULL),(87,'2070805','시그니처 그래비티 (A/T)','20708','Y',31900000,NULL,NULL),(88,'2070901','트렌디 (A/T)','20709','Y',24640000,NULL,NULL),(89,'2070902','프레스티지 (A/T)','20709','Y',26700000,NULL,NULL),(90,'2070903','프레스티지 그래비티 (A/T)','20709','Y',27040000,NULL,NULL),(91,'2070904','시그니처 (A/T)','20709','Y',29990000,NULL,NULL),(92,'2070905','시그니처 그래비티 (A/T)','20709','Y',30330000,NULL,NULL),(93,'2071001','트렌디 (A/T)','20710','Y',26700000,NULL,NULL),(94,'2071002','프레스티지 (A/T)','20710','Y',28760000,NULL,NULL),(95,'2071003','프레스티지 그래비티 (A/T)','20710','Y',29100000,NULL,NULL),(96,'2071004','시그니처 (A/T)','20710','Y',32050000,NULL,NULL),(97,'2071005','시그니처 그래비티 (A/T)','20710','Y',32390000,NULL,NULL),(98,'2070601','프레스티지 (A/T)','20706','Y',23760000,NULL,NULL),(99,'2070602','프레스티지 그래비티 (A/T)','20706','Y',24100000,NULL,NULL),(100,'2070603','시그니처 (A/T)','20706','Y',27050000,NULL,NULL),(101,'2070604','시그니처 그래비티 (A/T)','20706','Y',27390000,NULL,NULL),(102,'1040101','스마트 (A/T)','10401','Y',23860000,NULL,NULL),(103,'1040102','프리미엄 (A/T)','10401','Y',26310000,NULL,NULL),(104,'1040103','프리미엄 패밀리 (A/T)','10401','Y',28760000,NULL,NULL),(105,'1040104','프리미엄 밀레니얼 (A/T)','10401','Y',30530000,NULL,NULL),(106,'1040105','인스퍼레이션 (A/T)','10401','Y',32980000,NULL,NULL),(107,'1040501','프리미엄 (A/T)','10405','Y',26410000,NULL,NULL),(108,'1040502','프리미엄 패밀리 (A/T)','10405','Y',29160000,NULL,NULL),(109,'1040503','프리미엄 밀레니얼 (A/T)','10405','Y',30920000,NULL,NULL),(110,'1040504','인스퍼레이션 (A/T)','10405','Y',33130000,NULL,NULL),(111,'1020307','프리미엄 (5인승) (A/T)','10203','Y',31220000,NULL,NULL),(112,'2040901','프레스티지 (A/T)','20409','Y',32440000,NULL,NULL),(113,'2040902','노블레스 (A/T)','20409','Y',33870000,NULL,NULL),(114,'2040903','X 에디션 (A/T)','20409','Y',35240000,NULL,NULL),(115,'2041001','노블레스 (A/T)','20410','Y',36130000,NULL,NULL),(116,'2041002','시그니처 (A/T)','20410','Y',38190000,NULL,NULL),(117,'2040801','프레스티지 (A/T)','20408','Y',36390000,NULL,NULL),(118,'2040802','노블레스 (A/T)','20408','Y',38160000,NULL,NULL),(119,'2040803','시그니처 (A/T)','20408','Y',40320000,NULL,NULL),(120,'2040701','프레스티지 (A/T)','20407','Y',31370000,NULL,NULL),(121,'2040702','노블레스 (A/T)','20407','Y',36070000,NULL,NULL),(122,'6020202','프레스티지 리무진 AWD (A/T)','60202','Y',156090000,NULL,NULL),(123,'1040401','스마트 (A/T)','10404','Y',24890000,NULL,NULL),(124,'1010101','프리미엄 (A/T)','10101','Y',32940000,NULL,NULL),(125,'1010102','프리미엄 초이스 (A/T)','10101','Y',33680000,NULL,'2021-06-07 14:01:59'),(126,'1010103','익스클루시브 (A/T)','10101','Y',36810000,NULL,NULL),(127,'1010104','캘리그래피 (A/T)','10101','Y',41330000,NULL,'2021-06-07 10:59:30'),(128,'1010201','프리미엄 (A/T)','10102','Y',35780000,NULL,NULL),(129,'1010202','프리미엄 초이스 (A/T)','10102','Y',36520000,NULL,NULL),(130,'1010203','익스클루시브 (A/T)','10102','Y',39220000,NULL,NULL),(131,'1010204','캘리그래피 (A/T)','10102','Y',43830000,NULL,'2021-06-07 11:00:30'),(132,'1010401','프리미엄 (A/T)','10104','Y',33380000,NULL,'2021-06-07 11:02:27'),(133,'1010402','프리미엄 초이스 (A/T)','10104','Y',34020000,NULL,'2021-06-07 14:02:48'),(134,'1010301','프리미엄 (A/T)','10103','Y',36790000,NULL,'2021-06-07 11:01:55'),(135,'1010302','익스클루시브 (A/T)','10103','Y',40120000,NULL,NULL),(136,'1010303','캘리그래피 (A/T)','10103','Y',44890000,NULL,NULL),(137,'2080901','트렌디 (A/T)','20809','Y',24350000,NULL,NULL),(138,'2080902','프레스티지 (A/T)','20809','Y',27240000,NULL,NULL),(139,'2080903','노블레스 (A/T)','20809','Y',29210000,NULL,NULL),(140,'2080904','시그니처 (A/T)','20809','Y',31510000,NULL,NULL),(141,'2080701','트렌디 (A/T)','20807','Y',23560000,NULL,NULL),(142,'2080702','프레스티지 (A/T)','20807','Y',26060000,NULL,NULL),(143,'2080703','노블레스 (A/T)','20807','Y',28030000,NULL,NULL),(144,'2080704','시그니처 (A/T)','20807','Y',30730000,NULL,NULL),(145,'2080801','트렌디 (A/T)','20808','Y',27540000,NULL,NULL),(146,'2080802','프레스티지 (A/T)','20808','Y',29510000,NULL,NULL),(147,'1010304','프리미엄 초이스 (A/T)','10103','Y',37430000,NULL,'2021-06-07 14:02:24'),(148,'2080803','노블레스 (A/T)','20808','Y',31490000,NULL,NULL),(149,'2080804','시그니처 (A/T)','20808','Y',33650000,NULL,NULL),(150,'2080601','프레스티지 (A/T)','20806','Y',26510000,NULL,NULL),(151,'2080602','노블레스 (A/T)','20806','Y',29210000,NULL,NULL),(152,'2080603','시그니처 (A/T)','20806','Y',30680000,NULL,NULL),(153,'6030301','2WD (5인승) (A/T)','60303','Y',64600000,NULL,NULL),(154,'6030101','2WD (5인승) (A/T)','60301','Y',60670000,NULL,NULL),(155,'6030201','2WD (5인승) (A/T)','60302','Y',66070000,NULL,NULL),(156,'6030102','2WD (7인승) (A/T)','60301','Y',61650000,NULL,NULL),(157,'6010301','AWD (A/T)','60103','Y',58110000,NULL,NULL),(158,'6010101','AWD (A/T)','60101','Y',55660000,NULL,NULL),(159,'6010201','AWD (A/T)','60102','Y',62140000,NULL,NULL),(160,'6030202','AWD (5인승) (A/T)','60302','Y',69510000,NULL,NULL),(161,'6030203','AWD (7인승) (A/T)','60302','Y',70490000,NULL,NULL),(162,'6030302','2WD (7인승) (A/T)','60303','Y',65580000,NULL,NULL),(163,'6030303','AWD (5인승) (A/T)','60303','Y',68040000,NULL,NULL),(164,'6030304','AWD (7인승) (A/T)','60303','Y',69020000,NULL,NULL),(165,'6030103','AWD (5인승) (A/T)','60301','Y',64110000,NULL,NULL),(166,'6030104','AWD (7인승) (A/T)','60301','Y',65090000,NULL,NULL),(167,'6030204','2WD (7인승) (A/T)','60302','Y',67050000,NULL,NULL),(168,'6010102','2WD (A/T)','60101','Y',52910000,NULL,NULL),(169,'6010202','2WD (A/T)','60102','Y',59390000,NULL,NULL),(170,'6010302','2WD (A/T)','60103','Y',55360000,NULL,NULL),(171,'2050101','플래티넘 RWD (A/T)','20501','Y',54780000,NULL,NULL),(172,'2050103','베스트 셀렉션ⅠAWD (A/T)','20501','Y',60770000,NULL,NULL),(173,'2050104','그랜드 플래티넘 AWD (A/T)','20501','Y',68520000,NULL,NULL),(174,'2050105','베스트 셀렉션Ⅱ AWD (A/T)','20501','Y',76420000,NULL,NULL),(175,'2050301','마스터즈 RWD (A/T)','20503','Y',65770000,NULL,NULL),(176,'2050303','그랜드 마스터즈 AWD (A/T)','20503','Y',73230000,NULL,NULL),(177,'2050304','베스트 셀렉션Ⅱ AWD (A/T)','20503','Y',81140000,NULL,NULL),(178,'2050201','퀀텀 AWD (A/T)','20502','Y',92030000,NULL,NULL),(179,'1120305','캘리그래피 (7인승) (A/T)','11203','Y',47720000,NULL,NULL),(180,'1120105','캘리그래피 (7인승) (A/T)','11201','Y',46240000,NULL,NULL),(181,'1040402','프리미엄 (A/T)','10404','Y',27050000,NULL,NULL),(182,'1040403','프리미엄 패밀리 (A/T)','10404','Y',29450000,NULL,NULL),(183,'1040404','프리미엄 밀레니얼 (A/T)','10404','Y',31220000,NULL,NULL),(184,'1040405','인스퍼레이션 (A/T)','10404','Y',33670000,NULL,NULL),(185,'1040202','프리미엄 (A/T)','10402','Y',29610000,NULL,NULL),(186,'1040203','프리미엄 패밀리 (A/T)','10402','Y',32270000,NULL,NULL),(187,'1040204','프리미엄 밀레니얼 (A/T)','10402','Y',34090000,NULL,NULL),(188,'1040205','인스퍼레이션 (A/T)','10402','Y',35990000,NULL,NULL),(189,'1030201','2WD 모던 (A/T)','10302','Y',24350000,NULL,NULL),(190,'1030202','2WD 프리미엄 (A/T)','10302','Y',26410000,NULL,NULL),(191,'1030203','2WD 인스퍼레이션 (A/T)','10302','Y',31550000,NULL,NULL),(192,'1030204','AWD 모던 (A/T)','10302','Y',26310000,NULL,NULL),(193,'1030205','AWD 프리미엄 (A/T)','10302','Y',28370000,NULL,NULL),(194,'1030206','AWD 인스퍼레이션 (A/T)','10302','Y',33510000,NULL,NULL),(195,'1030301','2WD 모던 (A/T)','10303','Y',26260000,NULL,NULL),(196,'1030302','2WD 프리미엄 (A/T)','10303','Y',28320000,NULL,NULL),(197,'1030303','2WD 인스퍼레이션 (A/T)','10303','Y',33460000,NULL,NULL),(198,'1030304','AWD 모던 (A/T)','10303','Y',28470000,NULL,NULL),(199,'1030305','AWD 프리미엄 (A/T)','10303','Y',30530000,NULL,NULL),(200,'1030306','AWD 인스퍼레이션 (A/T)','10303','Y',35670000,NULL,NULL),(201,'2050102','플래티넘 AWD (A/T)','20501','Y',57230000,NULL,NULL),(202,'2050302','마스터즈 AWD (A/T)','20503','Y',68220000,NULL,NULL),(203,'1060501','슈퍼캡 초장축 스타일 (A/T)','10605','Y',17880000,NULL,NULL),(204,'1060502','슈퍼캡 초장축 스마트 (A/T)','10605','Y',18330000,NULL,NULL),(205,'1060503','슈퍼캡 초장축 모던 (A/T)','10605','Y',19400000,NULL,NULL),(206,'1060504','슈퍼캡 초장축 프리미엄 (A/T)','10605','Y',21030000,NULL,NULL),(207,'1060505','더블캡 초장축 스타일 (A/T)','10605','Y',19150000,NULL,NULL),(208,'1060506','더블캡 초장축 스마트 (A/T)','10605','Y',19600000,NULL,NULL),(209,'1060507','더블캡 초장축 모던 (A/T)','10605','Y',20670000,NULL,NULL),(210,'1060508','더블캡 초장축 프리미엄 (A/T)','10605','Y',22360000,NULL,NULL),(211,'1060509','일반캡 초장축 스타일 (A/T)','10605','Y',17770000,NULL,NULL),(212,'1060510','일반캡 초장축 스마트 (A/T)','10605','Y',18220000,NULL,NULL),(213,'1060511','일반캡 초장축 모던 (A/T)','10605','Y',19250000,NULL,NULL),(214,'1060512','일반캡 초장축 프리미엄 (A/T)','10605','Y',20880000,NULL,NULL),(215,'1060701','슈퍼캡 초장축 스마트 스페셜 (A/T)','10607','Y',40600000,NULL,NULL),(216,'1060702','슈퍼캡 초장축 프리미엄 스페셜 (A/T)','10607','Y',42740000,NULL,NULL),(217,'1060901','내장탑차 초장축 슈퍼캡 스타일 (A/T)','10609','Y',20020000,NULL,NULL),(218,'1060902','내장탑차 초장축 슈퍼캡 스마트 (A/T)','10609','Y',21770000,NULL,NULL),(219,'1060903','내장탑차 초장축 슈퍼캡 모던플러스 (A/T)','10609','Y',24120000,NULL,NULL),(220,'1060904','내장탑차 초장축 더블캡 스마트 (A/T)','10609','Y',22840000,NULL,NULL),(221,'1060905','하이내장탑차 초장축 일반캡 스마트 (A/T)','10609','Y',22260000,NULL,NULL),(222,'1060906','하이내장탑차 초장축 슈퍼캡 스타일 (A/T)','10609','Y',20760000,NULL,NULL),(223,'1060907','하이내장탑차 초장축 슈퍼캡 스마트 (A/T)','10609','Y',22300000,NULL,NULL),(224,'1060908','하이내장탑차 초장축 슈퍼캡 모던플러스 (A/T)','10609','Y',24650000,NULL,NULL),(225,'1060909','내장탑파워게이트 초장축 슈퍼캡 스마트 (A/T)','10609','Y',25470000,NULL,NULL),(226,'1060910','저상내장탑차 초장축 슈퍼캡 스타일 (A/T)','10609','Y',20130000,NULL,NULL),(227,'1061001','냉동탑차 초장축 일반캡 스마트 트윈컴프 (A/T)','10610','Y',25080000,NULL,NULL),(228,'1061002','냉동탑차 초장축 슈퍼캡 스타일 싱글컴프 (A/T)','10610','Y',24440000,NULL,NULL),(229,'1061003','냉동탑차 초장축 슈퍼캡 스타일 트윈컴프 (A/T)','10610','Y',24490000,NULL,NULL),(230,'1061004','냉동탑차 초장축 슈퍼캡 스마트 트윈컴프 (A/T)','10610','Y',25310000,NULL,NULL),(231,'1061005','냉동탑차 초장축 슈퍼캡 모던플러스 트윈컴프 (A/T)','10610','Y',27660000,NULL,NULL),(232,'1061006','초저온냉동탑차 초장축 슈퍼캡 스마트 트윈컴프 (일체형) (A/T)','10610','Y',26500000,NULL,NULL),(233,'1061007','하이냉동탑차 초장축 일반캡 스마트 트윈검프 (A/T)','10610','Y',25320000,NULL,NULL),(234,'1061008','하이냉동탑차 초장축 슈퍼캡 스타일 싱글컴프 (A/T)','10610','Y',24920000,NULL,NULL),(235,'1061009','하이냉동탑차 초장축 슈퍼캡 스타일 트윈컴프 (A/T)','10610','Y',24970000,NULL,NULL),(236,'1061010','하이냉동탑차 초장축 슈퍼캡 스마트 트윈컴프 (A/T)','10610','Y',25680000,NULL,NULL),(237,'1061011','하이냉동탑차 초장축 슈퍼캡 모던플러스 트윈컴프 (A/T)','10610','Y',28030000,NULL,NULL),(238,'1061012','저상냉동탑차 초장축 슈퍼캡 스타일 트윈컴프 (A/T)','10610','Y',23840000,NULL,NULL),(239,'1061013','저상복합냉동탑차 초장축 슈퍼캡 스타일 트윈컴프 (다용도) (A/T)','10610','Y',23930000,NULL,NULL),(240,'1061014','저상복합냉동탑차 초장축 슈퍼캡 스타일 트윈컴프 (미닫이) (A/T)','10610','Y',24430000,NULL,NULL),(241,'1061015','냉장탑차 초장축 슈퍼캡 스타일 트윈컴프 (A/T)','10610','Y',23780000,NULL,NULL),(242,'1061016','냉장탑차 초장축 슈퍼캡 스마트 트윈컴프 (A/T)','10610','Y',25190000,NULL,NULL),(243,'1061017','하이냉장탑차 초장축 슈퍼캡 스타일 트윈검프 (A/T)','10610','Y',24700000,NULL,NULL),(244,'1061018','하이냉장탑차 초장축 슈퍼캡 스마트 트윈검프 (A/T)','10610','Y',25200000,NULL,NULL),(245,'1061101','수동식윙바디 초장축 슈퍼캡 스타일 (A/T)','10611','Y',21790000,NULL,NULL),(246,'1061102','수동식윙바디 초장축 슈퍼캡 스마트 (A/T)','10611','Y',22400000,NULL,NULL),(247,'1061103','전동식윙바디 초장축 슈퍼캡 스타일 (A/T)','10611','Y',23600000,NULL,NULL),(248,'1061104','전동식윙바디 초장축 슈퍼캡 스마트 (A/T)','10611','Y',24310000,NULL,NULL),(249,'1061105','활어운반차 초장축 슈퍼캡 스마트 (A/T)','10611','Y',22980000,NULL,NULL),(250,'1061106','다용도탑차 초장축 슈퍼캡 스마트 (A/T)','10611','Y',22020000,NULL,NULL),(251,'1061201','파워게이트 초장축 슈퍼캡 스타일 (A/T)','10612','Y',21250000,NULL,NULL),(252,'1061202','파워게이트 초장축 슈퍼캡 스마트 (A/T)','10612','Y',21760000,NULL,NULL),(253,'1061203','파워게이트 초장축 더블캡 스마트 (A/T)','10612','Y',23080000,NULL,NULL),(254,'1061204','트랜스파워게이트 초장축 슈퍼캡 스마트 (A/T)','10612','Y',22970000,NULL,NULL),(255,'1061205','시티밴 초장축 슈퍼캡 스마트 (A/T)','10612','Y',25390000,NULL,NULL),(256,'1070102','스마트 (A/T)','10701','Y',17170000,NULL,NULL),(257,'1070103','모던 (A/T)','10701','Y',19480000,NULL,NULL),(258,'1070104','인스퍼레이션 (A/T)','10701','Y',24530000,NULL,NULL),(259,'1070202','스포츠 (A/T)','10702','Y',23750000,NULL,NULL),(260,'1070203','인스퍼레이션 (A/T)','10702','Y',27790000,NULL,NULL),(261,'1070301','스마트 (A/T)','10703','Y',21990000,NULL,NULL),(262,'1070302','모던 (A/T)','10703','Y',23770000,NULL,NULL),(263,'1070303','인스퍼레이션 (A/T)','10703','Y',28140000,NULL,NULL),(264,'1070401','스타일 (A/T)','10704','Y',18550000,NULL,NULL),(265,'1070402','스마트 (A/T)','10704','Y',20860000,NULL,NULL),(266,'1070403','모던 (A/T)','10704','Y',22230000,NULL,NULL),(267,'2010101','밴 (A/T)','20101','Y',11800000,NULL,NULL),(268,'2010102','밴 스페셜 (A/T)','20101','Y',12350000,NULL,NULL),(269,'2010103','스탠다드 (A/T)','20101','Y',11950000,NULL,NULL),(270,'2010104','스탠다드 마이너스 (A/T)','20101','Y',11750000,NULL,NULL),(271,'2010105','프레스티지 (A/T)','20101','Y',13500000,NULL,NULL),(272,'2010106','시그니처 (A/T)','20101','Y',14800000,NULL,NULL),(273,'2010107','시그니처 엣지-UP (A/T)','20101','Y',15450000,NULL,NULL),(274,'2020101','스탠다드 (A/T)','20201','Y',13500000,NULL,NULL),(275,'2020102','프레스티지 (A/T)','20201','Y',14700000,NULL,NULL),(276,'2020103','시그니처 (A/T)','20201','Y',15700000,NULL,NULL),(277,'2020104','밴 스탠다드 (A/T)','20201','Y',12600000,NULL,NULL),(278,'2020105','밴 프레스티지 (A/T)','20201','Y',13000000,NULL,NULL),(279,'2020106','밴 스페셜 (A/T)','20201','Y',13450000,NULL,NULL),(280,'2030101','스탠다드 (A/T)','20301','Y',17570000,NULL,NULL),(281,'2030102','스탠다드 LED 팩 (A/T)','20301','Y',18650000,NULL,NULL),(282,'2030103','프레스티지 (A/T)','20301','Y',19440000,NULL,NULL),(283,'2030104','시그니처 (A/T)','20301','Y',21400000,NULL,NULL),(284,'5010101','SE (A/T)','50101','Y',24500000,NULL,NULL),(285,'5010102','SE 플러스 (A/T)','50101','Y',26810000,NULL,NULL),(286,'5010103','LE (A/T)','50101','Y',28960000,NULL,NULL),(287,'5010104','RE (A/T)','50101','Y',31120000,NULL,NULL),(288,'5010105','프리미에르 (A/T)','50101','Y',32650000,NULL,NULL),(289,'5010201','LE (A/T)','50102','Y',30730000,NULL,NULL),(290,'5010202','프리미에르 (A/T)','50102','Y',34220000,NULL,NULL),(291,'5010301','SE (A/T)','50103','Y',24010000,NULL,NULL),(292,'5010302','SE 플러스 (A/T)','50103','Y',26310000,NULL,NULL),(293,'5010303','LE (A/T)','50103','Y',28470000,NULL,NULL),(294,'5010304','RE (A/T)','50103','Y',30490000,NULL,NULL),(295,'5020101','SE (A/T)','50201','Y',24740000,NULL,NULL),(296,'5020102','LE (A/T)','50201','Y',26310000,NULL,NULL),(297,'5020103','RE (A/T)','50201','Y',28720000,NULL,NULL),(298,'5020104','RE 시그니처 (A/T)','50201','Y',30390000,NULL,NULL),(299,'5020105','프리미에르 (A/T)','50201','Y',33240000,NULL,NULL),(300,'5020201','SE (A/T)','50202','Y',24350000,NULL,NULL),(301,'5020202','LE (A/T)','50202','Y',25920000,NULL,NULL),(302,'5020203','RE (A/T)','50202','Y',28330000,NULL,NULL),(303,'5020204','RE 시그니처 (A/T)','50202','Y',30000000,NULL,NULL),(304,'5020205','프리미에르 (A/T)','50202','Y',32450000,NULL,NULL),(305,'4010101','2WD 럭셔리 (A/T)','40101','Y',37360000,NULL,NULL),(306,'4010102','2WD 프레스티지 (A/T)','40101','Y',42160000,NULL,NULL),(307,'4010103','4WD 럭셔리 (A/T)','40101','Y',39290000,NULL,NULL),(308,'4010104','4WD 프레스티지 (A/T)','40101','Y',44090000,NULL,NULL),(309,'4010105','4WD 더 블랙 (A/T)','40101','Y',50160000,NULL,NULL),(310,'4010201','2WD 럭셔리 (A/T)','40102','Y',36950000,NULL,NULL),(311,'4010202','2WD 프레스티지 (A/T)','40102','Y',41750000,NULL,NULL),(312,'4010203','4WD 럭셔리 (A/T)','40102','Y',38880000,NULL,NULL),(313,'4010204','4WD 프레스티지 (A/T)','40102','Y',43680000,NULL,NULL),(314,'4010205','4WD 더 블랙 (A/T)','40102','Y',49750000,NULL,NULL),(315,'1020101','프리미엄 (5인승) (A/T)','10201','Y',29750000,NULL,NULL),(316,'1020102','프리미엄 (7인승) (A/T)','10201','Y',30390000,NULL,NULL),(317,'1020103','프리미엄 초이스 (5인승) (A/T)','10201','Y',30580000,NULL,NULL),(318,'1020104','프리미엄 초이스 (7인승) (A/T)','10201','Y',31220000,NULL,NULL),(319,'1020105','프레스티지 (5인승) (A/T)','10201','Y',33670000,NULL,NULL),(320,'1020106','프레스티지 (7인승) (A/T)','10201','Y',34310000,NULL,NULL),(321,'1020107','캘리그래피 (5인승) (A/T)','10201','Y',38380000,NULL,NULL),(322,'1020108','캘리그래피 (7인승) (A/T)','10201','Y',39020000,NULL,NULL),(323,'1020201','프리미엄 (5인승) (A/T)','10202','Y',32010000,NULL,NULL),(324,'1020202','프리미엄 (7인승) (A/T)','10202','Y',32650000,NULL,NULL),(325,'1020203','프리미엄 초이스 (5인승) (A/T)','10202','Y',32840000,NULL,NULL),(326,'1020204','프리미엄 초이스 (7인승) (A/T)','10202','Y',33480000,NULL,NULL),(327,'1020205','프레스티지 (5인승) (A/T)','10202','Y',35930000,NULL,NULL),(328,'1020206','프레스티지 (7인승) (A/T)','10202','Y',36570000,NULL,NULL),(329,'1020207','캘리그래피 (5인승) (A/T)','10202','Y',40640000,NULL,NULL),(330,'1020208','캘리그래피 (7인승) (A/T)','10202','Y',41280000,NULL,NULL),(331,'1020305','캘리그래피 (5인승) (A/T)','10203','Y',39850000,NULL,NULL),(332,'1020306','캘리그래피 (7인승) (A/T)','10203','Y',40490000,NULL,NULL),(333,'1020407','캘리그래피 (5인승) (A/T)','10204','Y',42110000,NULL,NULL),(334,'1020408','캘리그래피 (7인승) (A/T)','10204','Y',42750000,NULL,NULL),(335,'1120106','VIP (7인승) (A/T)','11201','Y',51830000,NULL,NULL),(336,'1120206','VIP (7인승) (A/T)','11202','Y',54150000,NULL,NULL),(337,'1120306','VIP (7인승) (A/T)','11203','Y',53320000,NULL,NULL),(338,'1120406','VIP (7인승) (A/T)','11204','Y',55630000,NULL,NULL),(339,'1030101','모던 (A/T)','10301','Y',28570000,NULL,NULL),(340,'1030102','프리미엄 (A/T)','10301','Y',30730000,NULL,NULL),(341,'1030103','인스퍼레이션 (A/T)','10301','Y',34670000,NULL,NULL),(342,'3010101','LS (A/T)','30101','Y',19590000,NULL,NULL),(343,'3010102','LT (A/T)','30101','Y',21850000,NULL,NULL),(344,'3010201','LT (A/T)','30102','Y',22640000,NULL,NULL),(345,'3010202','프리미어 (A/T)','30102','Y',24450000,NULL,NULL),(346,'3010203','프리미어 AWD (A/T)','30102','Y',26520000,NULL,NULL),(347,'3010204','액티브 (A/T)','30102','Y',25230000,NULL,NULL),(348,'3010205','액티브 AWD (A/T)','30102','Y',27300000,NULL,NULL),(349,'3010206','RS (A/T)','30102','Y',25730000,NULL,NULL),(350,'3010207','RS AWD (A/T)','30102','Y',27800000,NULL,NULL),(351,'2090301','트렌디 (5인승) (A/T)','20903','Y',29250000,NULL,NULL),(352,'2090302','트렌디 (6인승) (A/T)','20903','Y',30040000,NULL,NULL),(353,'2090303','트렌디 (7인승) (A/T)','20903','Y',29940000,NULL,NULL),(354,'2090304','프레스티지 (5인승) (A/T)','20903','Y',32100000,NULL,NULL),(355,'2090305','프레스티지 (6인승) (A/T)','20903','Y',32890000,NULL,NULL),(356,'2090306','프레스티지 (7인승) (A/T)','20903','Y',32790000,NULL,NULL),(357,'2090307','노블레스 (5인승) (A/T)','20903','Y',35050000,NULL,NULL),(358,'2090308','노블레스 (6인승) (A/T)','20903','Y',36230000,NULL,NULL),(359,'2090309','노블레스 (7인승) (A/T)','20903','Y',35740000,NULL,NULL),(360,'2090310','시그니처 (5인승) (A/T)','20903','Y',37890000,NULL,NULL),(361,'2090311','시그니처 (6인승) (A/T)','20903','Y',38680000,NULL,NULL),(362,'2090312','시그니처 (7인승) (A/T)','20903','Y',38580000,NULL,NULL),(363,'2090313','그래비티 (5인승) (A/T)','20903','Y',38870000,NULL,NULL),(364,'2090314','그래비티 (6인승) (A/T)','20903','Y',39660000,NULL,NULL),(365,'2090315','그래비티 (7인승) (A/T)','20903','Y',39560000,NULL,NULL),(366,'2090401','트렌디 (5인승) (A/T)','20904','Y',31510000,NULL,NULL),(367,'2090402','트렌디 (6인승) (A/T)','20904','Y',32300000,NULL,NULL),(368,'2090403','트렌디 (7인승) (A/T)','20904','Y',32200000,NULL,NULL),(369,'2090404','프레스티지 (5인승) (A/T)','20904','Y',34360000,NULL,NULL),(370,'2090405','프레스티지 (6인승) (A/T)','20904','Y',35150000,NULL,NULL),(371,'2090406','프레스티지 (7인승) (A/T)','20904','Y',35050000,NULL,NULL),(372,'2090407','노블레스 (5인승) (A/T)','20904','Y',37310000,NULL,NULL),(373,'2090408','노블레스 (6인승) (A/T)','20904','Y',38490000,NULL,NULL),(374,'2090409','노블레스 (7인승) (A/T)','20904','Y',38000000,NULL,NULL),(375,'2090410','시그니처 (5인승) (A/T)','20904','Y',40150000,NULL,NULL),(376,'2090411','시그니처 (6인승) (A/T)','20904','Y',40940000,NULL,NULL),(377,'2090412','시그니처 (7인승) (A/T)','20904','Y',40840000,NULL,NULL),(378,'2090413','그래비티 (5인승) (A/T)','20904','Y',41130000,NULL,NULL),(379,'2090414','그래비티 (6인승) (A/T)','20904','Y',41920000,NULL,NULL),(380,'2090415','그래비티 (7인승) (A/T)','20904','Y',41820000,NULL,NULL),(381,'2090101','트렌디 (5인승) (A/T)','20901','Y',30240000,NULL,NULL),(382,'2090102','트렌디 (6인승) (A/T)','20901','Y',31030000,NULL,NULL),(383,'2090103','트렌디 (7인승) (A/T)','20901','Y',30930000,NULL,NULL),(384,'2090104','프레스티지 (5인승) (A/T)','20901','Y',33080000,NULL,NULL),(385,'2090105','프레스티지 (6인승) (A/T)','20901','Y',33870000,NULL,NULL),(386,'2090106','프레스티지 (7인승) (A/T)','20901','Y',33770000,NULL,NULL),(387,'2090107','노블레스 (5인승) (A/T)','20901','Y',36030000,NULL,NULL),(388,'2090108','노블레스 (6인승) (A/T)','20901','Y',37210000,NULL,NULL),(389,'2090109','노블레스 (7인승) (A/T)','20901','Y',36720000,NULL,NULL),(390,'2090110','시그니처 (5인승) (A/T)','20901','Y',38870000,NULL,NULL),(391,'2090111','시그니처 (6인승) (A/T)','20901','Y',39660000,NULL,NULL),(392,'2090112','시그니처 (7인승) (A/T)','20901','Y',39560000,NULL,NULL),(393,'2090201','트렌디 (5인승) (A/T)','20902','Y',32500000,NULL,NULL),(394,'2090202','트렌디 (6인승) (A/T)','20902','Y',33290000,NULL,NULL),(395,'2090203','트렌디 (7인승) (A/T)','20902','Y',33190000,NULL,NULL),(396,'2090204','프레스티지 (5인승) (A/T)','20902','Y',35340000,NULL,NULL),(397,'2090205','프레스티지 (6인승) (A/T)','20902','Y',36130000,NULL,NULL),(398,'2090206','프레스티지 (7인승) (A/T)','20902','Y',36030000,NULL,NULL),(399,'2090207','노블레스 (5인승) (A/T)','20902','Y',38290000,NULL,NULL),(400,'2090208','노블레스 (6인승) (A/T)','20902','Y',39470000,NULL,NULL),(401,'2090209','노블레스 (7인승) (A/T)','20902','Y',38980000,NULL,NULL),(402,'2090210','시그니처 (5인승) (A/T)','20902','Y',41130000,NULL,NULL),(403,'2090211','시그니처 (6인승) (A/T)','20902','Y',41920000,NULL,NULL),(404,'2090212','시그니처 (7인승) (A/T)','20902','Y',41820000,NULL,NULL),(405,'2090501','프레스티지 (5인승) (A/T)','20905','Y',35340000,NULL,NULL),(406,'2090502','프레스티지 (6인승) (A/T)','20905','Y',36130000,NULL,NULL),(407,'2090503','프레스티지 (7인승) (A/T)','20905','Y',36030000,NULL,NULL),(408,'2090504','노블레스 (5인승) (A/T)','20905','Y',38090000,NULL,NULL),(409,'2090505','노블레스 (6인승) (A/T)','20905','Y',39270000,NULL,NULL),(410,'2090506','노블레스 (7인승) (A/T)','20905','Y',38780000,NULL,NULL),(411,'2090507','시그니처 (5인승) (A/T)','20905','Y',40740000,NULL,NULL),(412,'2090508','시그니처 (6인승) (A/T)','20905','Y',41530000,NULL,NULL),(413,'2090509','시그니처 (7인승) (A/T)','20905','Y',41430000,NULL,NULL),(414,'2090510','그래비티 (5인승) (A/T)','20905','Y',41620000,NULL,NULL),(415,'2090511','그래비티 (6인승) (A/T)','20905','Y',42410000,NULL,NULL),(416,'2090512','그래비티 (7인승) (A/T)','20905','Y',42310000,NULL,NULL),(417,'2090601','프레스티지 (5인승) (A/T)','20906','Y',37600000,NULL,NULL),(418,'2090602','프레스티지 (6인승) (A/T)','20906','Y',38390000,NULL,NULL),(419,'2090603','프레스티지 (7인승) (A/T)','20906','Y',38290000,NULL,NULL),(420,'2090604','노블레스 (5인승) (A/T)','20906','Y',40350000,NULL,NULL),(421,'2090605','노블레스 (6인승) (A/T)','20906','Y',41530000,NULL,NULL),(422,'2090606','노블레스 (7인승) (A/T)','20906','Y',41040000,NULL,NULL),(423,'2090607','시그니처 (5인승) (A/T)','20906','Y',43000000,NULL,NULL),(424,'2090608','시그니처 (6인승) (A/T)','20906','Y',43790000,NULL,NULL),(425,'2090609','시그니처 (7인승) (A/T)','20906','Y',43690000,NULL,NULL),(426,'2090610','그래비티 (5인승) (A/T)','20906','Y',43880000,NULL,NULL),(427,'2090611','그래비티 (6인승) (A/T)','20906','Y',44670000,NULL,NULL),(428,'2090612','그래비티 (7인승) (A/T)','20906','Y',44570000,NULL,NULL),(429,'6040101','2WD (A/T)','60401','Y',47910000,NULL,NULL),(430,'6040102','AWD (A/T)','60401','Y',50860000,NULL,NULL),(431,'6040103','스포츠 2WD (A/T)','60401','Y',51840000,NULL,NULL),(432,'6040104','스포츠 AWD (A/T)','60401','Y',54790000,NULL,NULL),(433,'6040201','AWD (A/T)','60402','Y',57240000,NULL,NULL),(434,'6040202','스포츠 AWD (A/T)','60402','Y',60380000,NULL,NULL),(435,'6040301','2WD (A/T)','60403','Y',50360000,NULL,NULL),(436,'6040302','AWD (A/T)','60403','Y',53310000,NULL,NULL),(437,'6040303','스포츠 2WD (A/T)','60403','Y',54290000,NULL,NULL),(438,'6040304','스포츠 AWD (A/T)','60403','Y',57240000,NULL,NULL),(439,'7010101','AMG E53 4MATIC+ (A/T)','70101','Y',119400000,NULL,NULL),(440,'7010201','AMG E53 4MATIC+ Coupe (A/T)','70102','Y',115400000,NULL,NULL),(441,'7010301','E250 Avantgarde (A/T)','70103','Y',64500000,NULL,NULL),(442,'7010302','E250 Exclusive (A/T)','70103','Y',68900000,NULL,NULL),(443,'7010303','E350 4MATIC AMG Line (A/T)','70103','Y',88800000,NULL,NULL),(444,'7010304','E350 4MATIC AMG Line Edition (A/T)','70103','Y',83800000,NULL,NULL),(445,'7010305','E350 4MATIC Avantgarde (A/T)','70103','Y',84800000,NULL,NULL),(446,'7010401','E300e 4MATIC Exclusive (A/T)','70104','Y',83900000,NULL,NULL),(447,'7010501','E450 4MATIC Exclusive (A/T)','70105','Y',104700000,NULL,NULL),(448,'7010601','E220d 4MATIC AMG Line (A/T)','70106','Y',77900000,NULL,NULL),(449,'7010602','E220d 4MATIC Exclusive (A/T)','70106','Y',75500000,NULL,NULL),(450,'7010701','E450 4MATIC Cabriolet (A/T)','70107','Y',106600000,NULL,NULL),(451,'7010801','E450 4MATIC Coupe (A/T)','70108','Y',100600000,NULL,NULL),(452,'7020101','AMG C43 Sedan 4MATIC (A/T)','70201','Y',86600000,NULL,NULL),(453,'7020201','AMG C43 Coupe 4MATIC (A/T)','70202','Y',91700000,NULL,NULL),(454,'7020301','AMG C63 S Coupe (A/T)','70203','Y',139000000,NULL,NULL),(455,'7020401','C200 Sedan (A/T)','70204','Y',50800000,NULL,NULL),(456,'7020402','C200 Sedan Avantgarde (A/T)','70204','Y',55100000,NULL,NULL),(457,'7020501','C220d Sedan Avantgarde 4MATIC (A/T)','70205','Y',60600000,NULL,NULL),(458,'7020601','C200 Cabriolet (A/T)','70206','Y',65000000,NULL,NULL),(459,'7020701','C200 Coupe (A/T)','70207','Y',60600000,NULL,NULL),(460,'7020801','C200 Sedan AMG Line (A/T)','70208','Y',59200000,NULL,NULL),(461,'7020901','C200 Cabriolet (A/T)','70209','Y',67300000,NULL,NULL),(462,'7030101','AMG S63 Coupe 4MATIC+ (A/T)','70301','Y',220100000,NULL,NULL),(463,'7030201','AMG S63 Sedan Long 4MATIC+ (A/T)','70302','Y',244600000,NULL,NULL),(464,'7030301','AMG S63 Coupe 4MATIC+ (A/T)','70303','Y',224700000,NULL,NULL),(465,'7030401','S350 Sedan Long (A/T)','70304','Y',151000000,NULL,NULL),(466,'7030402','S450 Sedan Long 4Matic (A/T)','70304','Y',172700000,NULL,NULL),(467,'7030501','S560e Sedan (A/T)','70305','Y',199400000,NULL,NULL),(468,'7030601','S560 Sedan Long 4MATIC (A/T)','70306','Y',208300000,NULL,NULL),(469,'7030701','S350d Sedan AMG Line 4MATIC (A/T)','70307','Y',134200000,NULL,NULL),(470,'7030801','S450 Coupe 4MATIC (A/T)','70308','Y',154900000,NULL,NULL),(471,'7030901','AMG S63 4MATIC+ Coupe (A/T)','70309','Y',225700000,NULL,NULL),(472,'7040101','AMG GLC43 4MATIC (A/T)','70401','Y',96900000,NULL,NULL),(473,'7040201','AMG GLC43 Coupe 4MATIC (A/T)','70402','Y',98500000,NULL,NULL),(474,'7040301','AMG GLC63 S Coupe 4MATIC+ (A/T)','70403','Y',129100000,NULL,NULL),(475,'7040401','GLC300 4MATIC (A/T)','70404','Y',71100000,NULL,NULL),(476,'7040402','GLC300 Premium 4MATIC (A/T)','70404','Y',78500000,NULL,NULL),(477,'7040501','GLC300e 4MATIC (A/T)','70405','Y',75800000,NULL,NULL),(478,'7040601','GLC220d 4MATIC (A/T)','70406','Y',67500000,NULL,NULL),(479,'7040701','GLC300 Coupe 4MATIC (A/T)','70407','Y',75400000,NULL,NULL),(480,'7040702','GLC300 Coupe Premium 4MATIC (A/T)','70407','Y',82000000,NULL,NULL),(481,'7040801','GLC300e Coupe 4MATIC (A/T)','70408','Y',79900000,NULL,NULL),(482,'7040901','GLC220d Coupe 4MATIC (A/T)','70409','Y',72600000,NULL,NULL),(483,'7041001','AMG GLC43 4MATIC (A/T)','70410','Y',97900000,NULL,NULL),(484,'7041101','AMG GLC43 4MATIC Coupe (A/T)','70411','Y',99600000,NULL,NULL),(485,'7041201','GLC300e 4MATIC (A/T)','70412','Y',76700000,NULL,NULL),(486,'7041301','GLC300e 4MATIC Coupe (A/T)','70413','Y',80800000,NULL,NULL),(487,'7050101','GLE450 4MATIC (A/T)','70501','Y',116400000,NULL,NULL),(488,'7050201','GLE300d 4MATIC (A/T)','70502','Y',92700000,NULL,NULL),(489,'7050301','GLE400d 4MATIC Coupe (A/T)','70503','Y',119300000,NULL,NULL),(490,'7060101','GLB220 (A/T)','70601','Y',0,NULL,NULL),(491,'7060102','GLB250 4MATIC (A/T)','70601','Y',0,NULL,NULL),(492,'7060201','GLB220 (A/T)','70602','Y',0,NULL,NULL),(493,'7060202','GLB250 4MATIC (A/T)','70602','Y',0,NULL,NULL),(494,'7060203','GLB250 4MATIC (7인승) (A/T)','70602','Y',0,NULL,NULL),(495,'7060301','GLB200d (A/T)','70603','Y',0,NULL,NULL),(496,'7060401','AMG GLB35 4MATIC (A/T)','70604','Y',0,NULL,NULL),(497,'8010101','520i Luxury Line (A/T)','80101','Y',63600000,NULL,NULL),(498,'8010102','520i M Sport Package (A/T)','80101','Y',65100000,NULL,NULL),(499,'8010103','530i Luxury Line (A/T)','80101','Y',72000000,NULL,NULL),(500,'8010104','530i M Sport Package (A/T)','80101','Y',76200000,NULL,NULL),(501,'8010105','530i xDrive Luxury Line (A/T)','80101','Y',75600000,NULL,NULL),(502,'8010106','530i xDrive M Sport Package (A/T)','80101','Y',79800000,NULL,NULL),(503,'8010201','530e Luxury Line (A/T)','80102','Y',78800000,NULL,NULL),(504,'8010202','530e M Sport Package (A/T)','80102','Y',81600000,NULL,NULL),(505,'8010301','540i xDrive Luxury Line (A/T)','80103','Y',98400000,NULL,NULL),(506,'8010302','540i xDrive M Sport Package (A/T)','80103','Y',102100000,NULL,NULL),(507,'8010401','M550i xDrive (A/T)','80104','Y',116400000,NULL,NULL),(508,'8010501','523d Luxury Line (A/T)','80105','Y',70400000,NULL,NULL),(509,'8010502','523d M Sport Package (A/T)','80105','Y',75000000,NULL,NULL),(510,'8010503','523d xDrive Luxury Line (A/T)','80105','Y',73900000,NULL,NULL),(511,'8010504','523d xDrive M Sport Package (A/T)','80105','Y',78500000,NULL,NULL),(512,'8020101','740Li xDrive DPE (A/T)','80201','Y',163200000,NULL,NULL),(513,'8020102','740Li xDrive M Sport Package (A/T)','80201','Y',167000000,NULL,NULL),(514,'8020103','740i sDrive DPE (A/T)','80201','Y',140500000,NULL,NULL),(515,'8020104','740i sDrive M Sport Package (A/T)','80201','Y',144300000,NULL,NULL),(516,'8020201','745e DPE (A/T)','80202','Y',147400000,NULL,NULL),(517,'8020202','745e M Sport Package (A/T)','80202','Y',151300000,NULL,NULL),(518,'8020203','745Le DPE (A/T)','80202','Y',162900000,NULL,NULL),(519,'8020204','745Le M Sport Package (A/T)','80202','Y',166700000,NULL,NULL),(520,'8020301','M760Li xDrive (A/T)','80203','Y',232600000,NULL,NULL),(521,'8020401','730d xDrive DPE (A/T)','80204','Y',138600000,NULL,NULL),(522,'8020402','730d xDrive M Sport Package (A/T)','80204','Y',142400000,NULL,NULL),(523,'8020403','730Ld xDrive DPE (A/T)','80204','Y',149600000,NULL,NULL),(524,'8020404','730Ld xDrive M Sport Package (A/T)','80204','Y',153300000,NULL,NULL),(525,'8020405','740d xDrive DPE (A/T)','80204','Y',148300000,NULL,NULL),(526,'8020406','740d xDrive M Sport Package (A/T)','80204','Y',152100000,NULL,NULL),(527,'8030101','118d Joy (A/T)','80301','Y',39400000,NULL,NULL),(528,'8030102','118d Sport Line (A/T)','80301','Y',41900000,NULL,NULL),(529,'8030103','118d M Sport Package (A/T)','80301','Y',45500000,NULL,NULL),(530,'8040101','M235i xDrive Gran Coupe (A/T)','80401','Y',59900000,NULL,NULL),(531,'8040102','M235i xDrive Gran Coupe M Performance Edition (A/T)','80401','Y',61800000,NULL,NULL),(532,'8040201','218d Gran Coupe Advantage (A/T)','80402','Y',40900000,NULL,NULL),(533,'8040202','218d Gran Coupe M Sport Package (A/T)','80402','Y',47200000,NULL,NULL),(534,'8040203','218d Gran Coupe M Sport Edition (A/T)','80402','Y',48900000,NULL,NULL),(535,'8040204','220d Gran Coupe Luxury Line (A/T)','80402','Y',48300000,NULL,NULL),(536,'8050101','320i Sedan (A/T)','80501','Y',51700000,NULL,NULL),(537,'8050102','320i Sedan Luxury Line (A/T)','80501','Y',54600000,NULL,NULL),(538,'8050103','320i Sedan M Sport Package (A/T)','80501','Y',54600000,NULL,NULL),(539,'8050104','320i Sedan M Sport Black Suit (A/T)','80501','Y',54200000,NULL,NULL),(540,'8050201','M340i Sedan (A/T)','80502','Y',75800000,NULL,NULL),(541,'8050202','M340i Long Beach Blue Edition (A/T)','80502','Y',79100000,NULL,NULL),(542,'8050301','320d Sedan M Sport Package (A/T)','80503','Y',57000000,NULL,NULL),(543,'8050302','320d Sedan M Sport Package xDrive (A/T)','80503','Y',60000000,NULL,NULL),(544,'8050303','320d Sedan (A/T)','80503','Y',54100000,NULL,NULL),(545,'8050304','320d Sedan xDrive (A/T)','80503','Y',57000000,NULL,NULL),(546,'8050305','320d Sedan Luxury Line (A/T)','80503','Y',57000000,NULL,NULL),(547,'8050306','320d Sedan Luxury BMW Korea 25th Edition (A/T)','80503','Y',62200000,NULL,NULL),(548,'8050307','320d Sedan Luxury Line xDrive (A/T)','80503','Y',60000000,NULL,NULL),(549,'8060101','xDrive20i Advantage (A/T)','80601','Y',0,NULL,NULL),(550,'8060102','xDrive20i M Sport Package (A/T)','80601','Y',0,NULL,NULL),(551,'8060201','xDrive18d Advantage (A/T)','80602','Y',0,NULL,NULL),(552,'8060202','xDrive18d M Sport Package (A/T)','80602','Y',0,NULL,NULL),(553,'8070101','xDrive30d xLine (7인승) (A/T)','80701','Y',0,NULL,NULL),(554,'8070102','xDrive30d M Sport Package (A/T)','80701','Y',0,NULL,NULL),(555,'8070103','xDrive40d xLine (A/T)','80701','Y',0,NULL,NULL),(556,'8070104','xDrive40d xLine (7인승) (A/T)','80701','Y',0,NULL,NULL),(557,'8070105','xDrive40d M Sport Package (A/T)','80701','Y',0,NULL,NULL),(558,'8070201','xDrive40i xLine (A/T)','80702','Y',0,NULL,NULL),(559,'8070202','xDrive40i xLine (7인승) (A/T)','80702','Y',0,NULL,NULL),(560,'8070203','xDrive40i M Sport Package (A/T)','80702','Y',0,NULL,NULL),(561,'8070301','M50i (A/T)','80703','Y',0,NULL,NULL),(562,'8070401','xDrive45e xLine (A/T)','80704','Y',0,NULL,NULL),(563,'8070402','xDrive45e M Sport Package (A/T)','80704','Y',0,NULL,NULL),(564,'9010101','40 TDI (A/T)','90101','Y',65320000,NULL,NULL),(565,'9010102','40 TDI Premium (A/T)','90101','Y',69250000,NULL,NULL),(566,'9010103','40 TDI Quattro Premium (A/T)','90101','Y',72200000,NULL,NULL),(567,'9010201','45 TFSI (A/T)','90102','Y',63850000,NULL,NULL),(568,'9010202','45 TFSI Quattro (A/T)','90102','Y',66800000,NULL,NULL),(569,'9010203','45 TFSI Premium (A/T)','90102','Y',67780000,NULL,NULL),(570,'9010204','45 TFSI Quattro Premium (A/T)','90102','Y',70720000,NULL,NULL),(571,'9010301','45 TDI Quattro Premium (A/T)','90103','Y',77110000,NULL,NULL),(572,'9010302','50 TDI Quattro Premium (A/T)','90103','Y',84960000,NULL,NULL),(573,'9010401','TDI (A/T)','90104','Y',106080000,NULL,NULL),(574,'9020101','45 TDI Quattro Premium (A/T)','90201','Y',87910000,NULL,NULL),(575,'9020102','50 TDI Quattro Premium (A/T)','90201','Y',97230000,NULL,NULL),(576,'9020201','55 TFSI Quattro Premium (A/T)','90202','Y',95110000,NULL,NULL),(577,'9020301','TDI (A/T)','90203','Y',117210000,NULL,NULL),(578,'9020401','55 TFSI Quattro Premium (A/T)','90204','Y',93790000,NULL,NULL),(579,'9020501','TDI (A/T)','90205','Y',115890000,NULL,NULL),(580,'9030101','A8 50 TDI Quattro (A/T)','90301','Y',134580000,NULL,NULL),(581,'9030102','A8 L 50 TDI Quattro (A/T)','90301','Y',144390000,NULL,NULL),(582,'9030201','A8 L 55 TFSI Quattro (A/T)','90302','Y',147330000,NULL,NULL),(583,'9030301','S8 L TFSI (A/T)','90303','Y',201350000,NULL,NULL),(584,'1010403','익스클루시브 (A/T)','10104','Y',37160000,NULL,'2021-06-07 11:02:42'),(585,'1040301','익스클루시브 (A/T)','10403','N',0,NULL,NULL),(586,'1040601','익스클루시브 (A/T)','10406','N',0,NULL,NULL),(587,'2040101','익스클루시브 (A/T)','20401','N',0,NULL,NULL),(588,'2040301','익스클루시브 (A/T)','20403','N',0,NULL,NULL),(589,'2040401','익스클루시브 (A/T)','20404','N',0,NULL,NULL),(590,'2040501','익스클루시브 (A/T)','20405','N',0,NULL,NULL),(591,'2040601','익스클루시브 (A/T)','20406','N',0,NULL,NULL),(592,'2070101','익스클루시브 (A/T)','20701','N',0,NULL,NULL),(593,'2070201','익스클루시브 (A/T)','20702','N',0,NULL,NULL),(594,'2070301','익스클루시브 (A/T)','20703','N',0,NULL,NULL),(595,'2070401','익스클루시브 (A/T)','20704','N',0,NULL,NULL),(596,'2070501','익스클루시브 (A/T)','20705','N',0,NULL,NULL),(597,'2080201','익스클루시브 (A/T)','20802','N',0,NULL,NULL),(598,'2080301','익스클루시브 (A/T)','20803','N',0,NULL,NULL),(599,'2080401','익스클루시브 (A/T)','20804','N',0,NULL,NULL),(600,'1060513','슈퍼캡 초장축 스타일 (M/T)','10605','N',0,NULL,NULL),(601,'1060514','슈퍼캡 초장축 스마트 (M/T)','10605','N',0,NULL,NULL),(602,'1060515','슈퍼캡 초장축 모던 (M/T)','10605','N',0,NULL,NULL),(603,'1060516','슈퍼캡 초장축 프리미엄 (M/T)','10605','N',0,NULL,NULL),(604,'1060517','슈퍼캡 장축 스마트 (M/T)','10605','N',0,NULL,NULL),(605,'1060518','슈퍼캡 장축 모던 (M/T)','10605','N',0,NULL,NULL),(606,'1060519','더블캡 초장축 스타일 (M/T)','10605','N',0,NULL,NULL),(607,'1060520','더블캡 초장축 스마트 (M/T)','10605','N',0,NULL,NULL),(608,'1060521','더블캡 초장축 모던 (M/T)','10605','N',0,NULL,NULL),(609,'1060522','더블캡 초장축 프리미엄 (M/T)','10605','N',0,NULL,NULL),(610,'1060523','더블캡 장축 스마트 (M/T)','10605','N',0,NULL,NULL),(611,'1060524','일반캡 초장축 스타일 (M/T)','10605','N',0,NULL,NULL),(612,'1060525','일반캡 초장축 스마트 (M/T)','10605','N',0,NULL,NULL),(613,'1060526','일반캡 초장축 모던 (M/T)','10605','N',0,NULL,NULL),(614,'1060527','일반캡 초장축 프리미엄 (M/T)','10605','N',0,NULL,NULL),(615,'1060601','슈퍼캡 장축 스타일 (M/T)','10606','N',0,NULL,NULL),(616,'1060602','슈퍼캡 장축 스마트 (M/T)','10606','N',0,NULL,NULL),(617,'1060603','슈퍼캡 장축 모던 (M/T)','10606','N',0,NULL,NULL),(618,'1060604','슈퍼캡 장축 프리미엄 (M/T)','10606','N',0,NULL,NULL),(619,'1060605','더블캡 장축 스타일 (M/T)','10606','N',0,NULL,NULL),(620,'1060606','더블캡 장축 스마트 (M/T)','10606','N',0,NULL,NULL),(621,'1060607','더블캡 장축 모던 (M/T)','10606','N',0,NULL,NULL),(622,'1060608','더블캡 장축 프리미엄 (M/T)','10606','N',0,NULL,NULL),(623,'1060609','일반캡 장축 스타일 (M/T)','10606','N',0,NULL,NULL),(624,'1060610','일반캡 장축 스마트 (M/T)','10606','N',0,NULL,NULL),(625,'1060611','일반캡 장축 모던 (M/T)','10606','N',0,NULL,NULL),(626,'1060612','일반캡 장축 프리미엄 (M/T)','10606','N',0,NULL,NULL),(627,'1060801','일반캡 초장축 (M/T)','10608','N',0,NULL,NULL),(628,'1060802','더블캡 초장축 (M/T)','10608','N',0,NULL,NULL),(629,'1060911','내장탑차 초장축 슈퍼캡 스타일 (M/T)','10609','N',0,NULL,NULL),(630,'1060912','내장탑차 초장축 슈퍼캡 스마트 (M/T)','10609','N',0,NULL,NULL),(631,'1060913','내장탑차 초장축 슈퍼캡 모던플러스 (M/T)','10609','N',0,NULL,NULL),(632,'1060914','내장탑차 초장축 더블캡 스마트 (M/T)','10609','N',0,NULL,NULL),(633,'1060915','하이내장탑차 초장축 일반캡 스마트 (M/T)','10609','N',0,NULL,NULL),(634,'1060916','하이내장탑차 초장축 슈퍼캡 스타일 (M/T)','10609','N',0,NULL,NULL),(635,'1060917','하이내장탑차 초장축 슈퍼캡 스마트 (M/T)','10609','N',0,NULL,NULL),(636,'1060918','하이내장탑차 초장축 슈퍼캡 모던플러스 (M/T)','10609','N',0,NULL,NULL),(637,'1060919','내장탑파워게이트 초장축 슈퍼캡 스마트 (M/T)','10609','N',0,NULL,NULL),(638,'1060920','저상내장탑차 초장축 슈퍼캡 스타일 (M/T)','10609','N',0,NULL,NULL),(639,'1061019','냉동탑차 초장축 일반캡 스마트 트윈컴프 (M/T)','10610','N',0,NULL,NULL),(640,'1061020','냉동탑차 초장축 슈퍼캡 스타일 싱글컴프 (M/T)','10610','N',0,NULL,NULL),(641,'1061021','냉동탑차 초장축 슈퍼캡 스타일 트윈컴프 (M/T)','10610','N',0,NULL,NULL),(642,'1061022','냉동탑차 초장축 슈퍼캡 스마트 트윈컴프 (M/T)','10610','N',0,NULL,NULL),(643,'1061023','냉동탑차 초장축 슈퍼캡 모던플러스 트윈컴프 (M/T)','10610','N',0,NULL,NULL),(644,'1061024','초저온냉동탑차 초장축 슈퍼캡 스마트 트윈컴프 (일체형) (M/T)','10610','N',0,NULL,NULL),(645,'1061025','하이냉동탑차 초장축 일반캡 스마트 트윈검프 (M/T)','10610','N',0,NULL,NULL),(646,'1061026','하이냉동탑차 초장축 슈퍼캡 스타일 싱글컴프 (M/T)','10610','N',0,NULL,NULL),(647,'1061027','하이냉동탑차 초장축 슈퍼캡 스타일 트윈컴프 (M/T)','10610','N',0,NULL,NULL),(648,'1061028','하이냉동탑차 초장축 슈퍼캡 스마트 트윈컴프 (M/T)','10610','N',0,NULL,NULL),(649,'1061029','하이냉동탑차 초장축 슈퍼캡 모던플러스 트윈컴프 (M/T)','10610','N',0,NULL,NULL),(650,'1061030','저상냉동탑차 초장축 슈퍼캡 스타일 트윈컴프 (M/T)','10610','N',0,NULL,NULL),(651,'1061031','저상복합냉동탑차 초장축 슈퍼캡 스타일 트윈컴프 (다용도) (M/T)','10610','N',0,NULL,NULL),(652,'1061032','저상복합냉동탑차 초장축 슈퍼캡 스타일 트윈컴프 (미닫이) (M/T)','10610','N',0,NULL,NULL),(653,'1061033','냉장탑차 초장축 슈퍼캡 스타일 트윈컴프 (M/T)','10610','N',0,NULL,NULL),(654,'1061034','냉장탑차 초장축 슈퍼캡 스마트 트윈컴프 (M/T)','10610','N',0,NULL,NULL),(655,'1061035','하이냉장탑차 초장축 슈퍼캡 스타일 트윈검프 (M/T)','10610','N',0,NULL,NULL),(656,'1061036','하이냉장탑차 초장축 슈퍼캡 스마트 트윈검프 (M/T)','10610','N',0,NULL,NULL),(657,'1061107','수동식윙바디 초장축 슈퍼캡 스타일 (M/T)','10611','N',0,NULL,NULL),(658,'1061108','수동식윙바디 초장축 슈퍼캡 스마트 (M/T)','10611','N',0,NULL,NULL),(659,'1061109','전동식윙바디 초장축 슈퍼캡 스타일 (M/T)','10611','N',0,NULL,NULL),(660,'1061110','전동식윙바디 초장축 슈퍼캡 스마트 (M/T)','10611','N',0,NULL,NULL),(661,'1061111','활어운반차 초장축 슈퍼캡 스마트 (M/T)','10611','N',0,NULL,NULL),(662,'1061112','다용도탑차 초장축 슈퍼캡 스마트 (M/T)','10611','N',0,NULL,NULL),(663,'1061113','이동주유차 장축 슈퍼캡 스마트 (M/T)','10611','N',0,NULL,NULL),(664,'1061206','파워게이트 초장축 슈퍼캡 스타일 (M/T)','10612','N',0,NULL,NULL),(665,'1061207','파워게이트 초장축 슈퍼캡 스마트 (M/T)','10612','N',0,NULL,NULL),(666,'1061208','파워게이트 초장축 더블캡 스마트 (M/T)','10612','N',0,NULL,NULL),(667,'1061209','트랜스파워게이트 초장축 슈퍼캡 스마트 (M/T)','10612','N',0,NULL,NULL),(668,'1061210','시티밴 초장축 슈퍼캡 스마트 (M/T)','10612','N',0,NULL,NULL),(669,'1061211','덤프4WD 장축 슈퍼캡 스타일 (M/T)','10612','N',0,NULL,NULL),(670,'1061212','덤프4WD 장축 슈퍼캡 스마트 (M/T)','10612','N',0,NULL,NULL),(671,'1061213','덤프4WD 일체형 적재함 장축 슈퍼캡 스타일 (M/T)','10612','N',0,NULL,NULL),(672,'1061214','덤프4WD 일체형 적재함 장축 슈퍼캡 스마트 (M/T)','10612','N',0,NULL,NULL),(673,'1070101','스마트 (M/T)','10701','N',15700000,NULL,NULL),(674,'1070201','스포츠 (M/T)','10702','N',21790000,NULL,NULL),(675,'1070501','렌터카 스타일 (A/T)','10705','N',17750000,NULL,NULL),(676,'1070502','렌터카 스마트 (A/T)','10705','N',19950000,NULL,NULL),(677,'1070503','장애인용 모던 왼발장애 (A/T)','10705','N',21260000,NULL,NULL),(678,'1070504','장애인용 모던 왼손왼발장애 (A/T)','10705','N',21190000,NULL,NULL),(679,'5010401','SE (A/T)','50104','N',0,NULL,NULL),(680,'5010402','SE 플러스 (A/T)','50104','N',0,NULL,NULL),(681,'5010403','LE (A/T)','50104','N',0,NULL,NULL),(682,'5010404','RE (A/T)','50104','N',0,NULL,NULL),(683,'5020301','SE (A/T)','50203','N',23290000,NULL,NULL),(684,'5020302','LE (A/T)','50203','N',24790000,NULL,NULL),(685,'5020303','RE (A/T)','50203','N',27100000,NULL,NULL),(686,'5020304','RE 시그니처 (A/T)','50203','N',28690000,NULL,NULL),(687,'5020305','프리미에르 (A/T)','50203','N',31040000,NULL,NULL),(688,'2080501','스탠다드 (A/T)','20805','N',0,NULL,NULL),(689,'2080502','트렌디 (A/T)','20805','N',0,NULL,NULL),(690,'8050401','320i Touring Luxury Line (A/T)','80504','N',56600000,NULL,NULL),(691,'8050501','320d Touring M Sport Package (A/T)','80505','N',59500000,NULL,NULL),(692,'2110102','노블레스 (A/T)','21101','Y',35100000,NULL,NULL),(693,'2110103','시그니처 (A/T)','21101','Y',38680000,NULL,NULL),(694,'2110201','노블레스 라이트 2WD (A/T)','21102','Y',36180000,NULL,NULL),(695,'2110202','노블레스 2WD (A/T)','21102','Y',38480000,NULL,NULL),(696,'2110203','시그니처 2WD (A/T)','21102','Y',41770000,NULL,NULL),(697,'2110204','노블레스 AWD (A/T)','21102','Y',40640000,NULL,NULL),(698,'2110205','시그니처 AWD (A/T)','21102','Y',43930000,NULL,NULL),(699,'2110206','플래티넘 AWD (A/T)','21102','Y',45260000,NULL,NULL),(700,'2110301','스탠다드 (A/T)','21103','N',28700000,NULL,NULL),(701,'2110302','트렌디 (A/T)','21103','N',29800000,NULL,NULL),(702,'2110303','프레스티지 (A/T)','21103','Y',32200000,NULL,NULL),(703,'7070101','A220 Hatchback (A/T)','70701','Y',39400000,NULL,NULL),(704,'7070201','A220 Sedan (A/T)','70702','Y',41400000,NULL,NULL),(705,'7070202','A250 4MATIC Sedan (A/T)','70702','Y',48900000,NULL,NULL),(706,'7070301','A200d Sedan (A/T)','70703','Y',40400000,NULL,NULL),(707,'7080101','CLS450 4MATIC AMG Line (A/T)','70801','Y',111600000,NULL,NULL),(708,'8080101','420i Gran Coupe Luxury Line (A/T)','80801','Y',58700000,NULL,NULL),(709,'8080201','420d Gran Coupe Luxury Line (A/T)','80802','Y',0,NULL,NULL),(710,'9040101','40 TFSI (A/T)','90401','Y',48530000,NULL,NULL),(711,'9040102','40 TFSI Premium (A/T)','90401','Y',53440000,NULL,NULL),(712,'9040201','40 TFSI (A/T)','90402','Y',49360000,NULL,NULL),(713,'9040202','40 TFSI Premium (A/T)','90402','Y',54260000,NULL,NULL),(714,'9040203','45 TFSI Quattro Premium (A/T)','90402','Y',60940000,NULL,NULL),(715,'9040301','35 TDI (A/T)','90403','Y',51320000,NULL,NULL),(716,'9040302','35 TDI Premium (A/T)','90403','Y',56230000,NULL,NULL),(717,'9040303','40 TDI Quattro Premium (A/T)','90403','Y',59660000,NULL,NULL),(718,'9040401','35 TDI Premium (A/T)','90404','Y',55410000,NULL,NULL),(719,'9040402','40 TDI Quattro Premium (A/T)','90404','Y',58850000,NULL,NULL),(720,'9050101','40 TDI Quattro Premium (A/T)','90501','Y',63260000,NULL,NULL),(721,'9050201','45 TFSI Quattro Premium (A/T)','90502','Y',65360000,NULL,NULL),(722,'9050301','40 TDI Quattro Premium (A/T)','90503','Y',64080000,NULL,NULL),(723,'9050401','45 TFSI Quattro Premium (A/T)','90504','Y',63260000,NULL,NULL),(724,'9050501','45 TFSI Quattro Premium (A/T)','90505','Y',64730000,NULL,NULL),(725,'9050601','45 TFSI Quattro Premium (A/T)','90506','Y',73570000,NULL,NULL),(726,'9060101','45 TDI Quattro (A/T)','90601','Y',89870000,NULL,NULL),(727,'9060102','45 TDI Quattro Premium (A/T)','90601','Y',96740000,NULL,NULL),(728,'9060103','50 TDI Quattro Premium (A/T)','90601','Y',107960000,NULL,NULL),(729,'9060201','45 TDI Quattro (A/T)','90602','Y',91640000,NULL,NULL),(730,'9060202','45 TDI Quattro Premium (A/T)','90602','Y',98510000,NULL,NULL),(731,'9060203','50 TDI Quattro Premium (A/T)','90602','Y',109800000,NULL,NULL),(732,'9070101','45 TDI Quattro Premium (A/T)','90701','Y',100670000,NULL,NULL),(733,'9070102','50 TDI Quattro Premium (A/T)','90701','Y',114410000,NULL,NULL),(734,'9070201','45 TDI Quattro Premium (A/T)','90702','Y',102440000,NULL,NULL),(735,'9070202','50 TDI Quattro Premium (A/T)','90702','Y',116400000,NULL,NULL),(736,'9070301','SQ8 TDI (A/T)','90703','Y',138800000,NULL,NULL),(737,'9070401','SQ8 TDI (A/T)','90704','Y',136990000,NULL,NULL),(738,'2120102','2WD 프레스티지 (A/T)','21201','Y',24550000,NULL,NULL),(739,'2120103','2WD 시그니처 (A/T)','21201','Y',26610000,NULL,NULL),(740,'2120104','2WD 그래비티 (A/T)','21201','Y',27350000,NULL,NULL),(741,'2120105','4WD 트렌디 (A/T)','21201','Y',23210000,NULL,NULL),(742,'2120106','4WD 프레스티지 (A/T)','21201','Y',26350000,NULL,NULL),(743,'2120107','4WD 시그니처 (A/T)','21201','Y',28410000,NULL,NULL),(744,'2120108','4WD 그래비티 (A/T)','21201','Y',29150000,NULL,NULL),(745,'2120201','2WD 트렌디 (A/T)','21202','Y',19340000,NULL,NULL),(746,'2120202','2WD 프레스티지 (A/T)','21202','Y',22480000,NULL,NULL),(747,'2120203','2WD 시그니처 (A/T)','21202','Y',24540000,NULL,NULL),(748,'2120204','2WD 그래비티 (A/T)','21202','Y',25280000,NULL,NULL),(749,'2120205','4WD 트렌디 (A/T)','21202','Y',21110000,NULL,NULL),(750,'2120206','4WD 프레스티지 (A/T)','21202','Y',24250000,NULL,NULL),(751,'2120207','4WD 시그니처 (A/T)','21202','Y',26310000,NULL,NULL),(752,'2120208','4WD 그래비티 (A/T)','21202','Y',27050000,NULL,NULL),(753,'2130101','플래티넘 (A/T)','21301','Y',38530000,NULL,NULL),(754,'2130102','마스터즈 (A/T)','21301','Y',41970000,NULL,NULL),(755,'2130201','플래티넘 (A/T)','21302','Y',40790000,NULL,NULL),(756,'2130202','마스터즈 (A/T)','21302','Y',44230000,NULL,NULL),(757,'2130301','마스터즈 GT 터보 패키지 (A/T)','21303','Y',46430000,NULL,NULL),(758,'2130401','마스터즈 GT 터보 패키지 (A/T)','21304','Y',48880000,NULL,NULL),(759,'2140101','럭셔리 (A/T)','21401','Y',24200000,NULL,NULL),(760,'2140102','프레스티지 (A/T)','21401','Y',25900000,NULL,NULL),(761,'2140103','노블레스 (A/T)','21401','Y',28000000,NULL,NULL),(762,'2140104','노블레스 스페셜 (A/T)','21401','Y',29940000,NULL,NULL),(763,'2140201','노블레스 (A/T)','21402','Y',34520000,NULL,NULL),(764,'2140202','노블레스 스페셜 (A/T)','21402','Y',38740000,NULL,NULL),(765,'6050101','2WD (A/T)','60501','Y',43590000,NULL,NULL),(766,'6050102','AWD (A/T)','60501','Y',46040000,NULL,NULL),(767,'6050103','스포츠 패키지 2WD (A/T)','60501','Y',48010000,NULL,NULL),(768,'6050104','스포츠 패키지 AWD (A/T)','60501','Y',50260000,NULL,NULL),(769,'6050201','2WD (A/T)','60502','Y',40350000,NULL,NULL),(770,'6050202','AWD (A/T)','60502','Y',42800000,NULL,NULL),(771,'6050203','스포츠 패키지 2WD (A/T)','60502','Y',44280000,NULL,NULL),(772,'6050204','스포츠 패키지 AWD (A/T)','60502','Y',46530000,NULL,NULL),(773,'6050301','2WD (A/T)','60503','Y',45850000,NULL,NULL),(774,'6050302','AWD (A/T)','60503','Y',48300000,NULL,NULL),(775,'6050303','스포츠 패키지 2WD (A/T)','60503','Y',48600000,NULL,NULL),(776,'6050304','스포츠 패키지 AWD (A/T)','60503','Y',51050000,NULL,NULL),(777,'1080101','스마트 (A/T)','10801','Y',23650000,NULL,NULL),(778,'1080102','모던 (A/T)','10801','Y',25690000,NULL,NULL),(779,'1080103','인스퍼레이션 (A/T)','10801','Y',29810000,NULL,NULL),(780,'1080201','스마트 2WD (A/T)','10802','Y',20310000,NULL,NULL),(781,'1080202','모던 2WD (A/T)','10802','Y',22440000,NULL,NULL),(782,'1080203','인스퍼레이션 2WD (A/T)','10802','Y',27160000,NULL,NULL),(783,'1080204','스마트 4WD (A/T)','10802','Y',22130000,NULL,NULL),(784,'1080205','모던 4WD (A/T)','10802','Y',24260000,NULL,NULL),(785,'1080206','인스퍼레이션 4WD (A/T)','10802','Y',28980000,NULL,NULL),(786,'1080301','모던 2WD (A/T)','10803','Y',24600000,NULL,NULL),(787,'1080302','인스퍼레이션 2WD (A/T)','10803','Y',28150000,NULL,NULL),(788,'1080303','모던 4WD (A/T)','10803','Y',26420000,NULL,NULL),(789,'1080304','인스퍼레이션 4WD (A/T)','10803','Y',29970000,NULL,NULL),(790,'1080401','스마트 2WD (A/T)','10804','Y',19620000,NULL,NULL),(791,'1080402','모던 2WD (A/T)','10804','Y',21750000,NULL,NULL),(792,'1080403','인스퍼레이션 2WD (A/T)','10804','Y',26480000,NULL,NULL),(793,'1080404','스마트 4WD (A/T)','10804','Y',21440000,NULL,NULL),(794,'1080405','모던 4WD (A/T)','10804','Y',23570000,NULL,NULL),(795,'1080406','인스퍼레이션 4WD (A/T)','10804','Y',28300000,NULL,NULL),(796,'1090101','스탠다드 15인승 (A/T)','10901','Y',61730000,NULL,NULL),(797,'1090102','디럭스 15인승 (A/T)','10901','Y',63520000,NULL,NULL),(798,'1090103','디럭스 16인승 (A/T)','10901','Y',63540000,NULL,NULL),(799,'1090104','럭셔리 15인승 (A/T)','10901','Y',64990000,NULL,NULL),(800,'1100101','엔트리 (A/T)','11001','Y',48990000,NULL,NULL),(801,'1100102','스탠다드 (A/T)','11001','Y',64300000,NULL,NULL),(802,'1100103','디럭스 (A/T)','11001','Y',77070000,NULL,NULL),(803,'2110304','노블레스 (A/T)','21103','Y',36590000,NULL,NULL),(804,'2110401','렌터카 스탠다드 (A/T)','21104','N',28700000,NULL,NULL),(806,'2110402','렌터카 트렌디 (A/T)','21104','N',29800000,NULL,NULL),(807,'2110403','렌터카 프레스티지 (A/T)','21104','N',35000000,NULL,NULL),(808,'2110101','노블레스 라이트 (A/T)','21101','Y',32790000,NULL,NULL),(809,'1110102','11인승 스마트 2WD (A/T)','11101','Y',29320000,NULL,NULL),(810,'1110103','11인승 스마트 4WD (A/T)','11101','Y',31270000,NULL,NULL),(811,'1110104','11인승 모던 2WD (A/T)','11101','Y',30840000,NULL,NULL),(812,'1110105','11인승 모던 4WD (A/T)','11101','Y',32790000,NULL,NULL),(813,'1110106','9인승 모던 2WD (A/T)','11101','Y',30840000,NULL,NULL),(814,'1110107','9인승 모던 4WD (A/T)','11101','Y',32790000,NULL,NULL),(815,'1110201','9인승 프레스티지 2WD (A/T)','11102','Y',36610000,NULL,NULL),(816,'1110202','9인승 프레스티지 4WD (A/T)','11102','Y',38560000,NULL,NULL),(817,'1110203','9인승 인스퍼레이션 2WD (A/T)','11102','Y',40480000,NULL,NULL),(818,'1110204','9인승 인스퍼레이션 4WD (A/T)','11102','Y',42430000,NULL,NULL),(819,'1110205','7인승 인스퍼레이션 2WD (A/T)','11102','Y',41350000,NULL,NULL),(820,'1110206','7인승 인스퍼레이션 4WD (A/T)','11102','Y',43310000,NULL,NULL),(821,'1110301','투어러 11인승 모던 (A/T)','11103','Y',30540000,NULL,NULL),(822,'1110302','투어러 9인승 모던 (A/T)','11103','Y',30540000,NULL,NULL),(823,'1110401','9인승 프레스티지 (A/T)','11104','Y',36310000,NULL,NULL),(824,'1110402','9인승 인스퍼레이션 (A/T)','11104','Y',40180000,NULL,NULL),(825,'1110403','7인승 인스퍼레이션 (A/T)','11104','Y',41050000,NULL,NULL),(826,'7090101','S350d (A/T)','70901','Y',140600000,'2021-05-17 14:52:32',NULL),(827,'7090102','S400d 4MATIC (A/T)','70901','Y',160600000,'2021-05-17 14:52:49','2021-05-17 16:23:40'),(828,'7090201','S500 4MATIC Long (A/T)','70902','Y',188600000,'2021-05-17 14:53:24','2021-05-17 16:23:45'),(829,'7090301','S580 4MATIC Long (A/T)','70903','Y',218600000,'2021-05-17 14:53:51',NULL),(830,'1010105','르블랑 (A/T)','10101','Y',35340000,'2021-06-07 10:59:14',NULL),(831,'1010205','르블랑 (A/T)','10102','Y',39220000,'2021-06-07 11:00:43',NULL),(832,'1010305','르블랑 (A/T)','10103','Y',39000000,'2021-06-07 11:01:24',NULL),(833,'1010601','프리미엄 (A/T)','10106','Y',35880000,'2021-06-07 11:11:53',NULL),(834,'1010602','르블랑 (A/T)','10106','Y',39220000,'2021-06-07 11:12:08',NULL),(835,'1010603','익스클루시브 (A/T)','10106','Y',39220000,'2021-06-07 11:12:20',NULL),(836,'1010604','캘리그래피 (A/T)','10106','Y',43830000,'2021-06-07 11:12:34',NULL),(837,'1010701','프리미엄 (A/T)','10107','Y',33030000,'2021-06-07 11:12:51','2021-06-07 11:13:15'),(838,'1010702','르블랑 (A/T)','10107','Y',35340000,'2021-06-07 11:13:06',NULL),(839,'1010703','익스클루시브 (A/T)','10107','Y',36810000,'2021-06-07 11:13:30',NULL),(840,'1010704','캘리그래피 (A/T)','10107','Y',41330000,'2021-06-07 11:13:43',NULL),(841,'1010801','프리미엄 (A/T)','10108','Y',36790000,'2021-06-07 11:14:10',NULL),(842,'1010802','르블랑 (A/T)','10108','Y',39000000,'2021-06-07 11:14:25',NULL),(843,'1010803','익스클루시브 (A/T)','10108','Y',40120000,'2021-06-07 11:14:40',NULL),(844,'1010804','캘리그래피 (A/T)','10108','Y',44890000,'2021-06-07 11:14:56',NULL),(845,'2110501','노블레스 라이트 (A/T)','21105','Y',36980000,'2021-06-07 11:24:12',NULL),(846,'2110502','노블레스 (A/T)','21105','Y',39290000,'2021-06-07 11:24:26',NULL),(847,'2110503','시그니처 (A/T)','21105','Y',42870000,'2021-06-07 11:24:42',NULL),(848,'2101001','시그니처 (A/T)','21010','Y',63890000,'2021-06-07 11:33:01',NULL),(849,'1010901','프리미엄 (A/T)','10109','Y',33380000,'2021-06-07 14:12:27',NULL),(850,'1010902','익스클루시브 (A/T)','10109','Y',37160000,'2021-06-07 14:12:46',NULL),(851,'4020101','2WD V1 (A/T)','40201','Y',18430000,'2021-06-14 11:32:10',NULL),(852,'4020102','2WD V3 (A/T)','40201','Y',20510000,'2021-06-14 11:32:31',NULL),(853,'4020103','2WD V5 (A/T)','40201','Y',22790000,'2021-06-14 11:33:11',NULL),(854,'4020104','4WD V3 (A/T)','40201','Y',22380000,'2021-06-14 11:33:35',NULL),(855,'4020105','4WD V5 (A/T)','40201','Y',24660000,'2021-06-14 11:33:54',NULL),(856,'4020201','2WD V1 (A/T)','40202','Y',18530000,'2021-06-14 11:35:18',NULL),(857,'4020202','2WD V3 (A/T)','40202','Y',20710000,'2021-06-14 11:35:48',NULL),(858,'4020203','2WD R-PLUS 블랙 (A/T)','40202','Y',22330000,'2021-06-14 11:36:13','2021-06-14 11:36:20'),(859,'4020204','2WD R-PLUS 화이트 (A/T)','40202','Y',22300000,'2021-06-14 11:36:42',NULL),(860,'4020205','4WD V3 (A/T)','40202','Y',22580000,'2021-06-14 11:37:09',NULL),(861,'4020206','4WD R-PLUS 블랙 (A/T)','40202','Y',24170000,'2021-06-14 11:38:45',NULL),(862,'4020207','4WD R-PLUS 화이트 (A/T)','40202','Y',24170000,'2021-06-14 11:39:12',NULL),(863,'4020301','2WD V1 (A/T)','40203','Y',18830000,'2021-06-14 11:39:48',NULL),(864,'4020302','2WD V3 (A/T)','40203','Y',21010000,'2021-06-14 11:40:07',NULL),(865,'4020303','2WD R-PLUS 블랙 (A/T)','40203','Y',22600000,'2021-06-14 11:41:15',NULL),(866,'4020304','2WD R-PLUS 화이트 (A/T)','40203','Y',22600000,'2021-06-14 11:41:39',NULL),(867,'4020305','4WD V3 (A/T)','40203','Y',22880000,'2021-06-14 11:42:07',NULL),(868,'4020306','4WD R-PLUS 블랙 (A/T)','40203','Y',24470000,'2021-06-14 11:42:32',NULL),(869,'4020307','4WD R-PLUS 화이트 (A/T)','40203','Y',24470000,'2021-06-14 11:42:49',NULL),(870,'1040701','모던 (A/T)','10407','Y',25470000,'2021-06-21 16:00:18',NULL),(871,'1040702','프리미엄 플러스 (A/T)','10407','Y',27950000,'2021-06-21 16:00:31',NULL),(872,'1040703','인스퍼레이션 (A/T)','10407','Y',33180000,'2021-06-21 16:00:45',NULL),(873,'1040801','프리미엄 (A/T)','10408','Y',30740000,'2021-06-21 16:01:03','2021-06-21 16:02:18'),(874,'1040802','익스클루시브 (A/T)','10408','Y',35150000,'2021-06-21 16:01:17','2021-06-21 16:02:24'),(875,'1040803','인스퍼레이션 (A/T)','10408','Y',36450000,'2021-06-21 16:01:33','2021-06-21 16:02:30'),(876,'1040901','모던 (A/T)','10409','Y',26290000,'2021-06-21 16:04:52',NULL),(877,'1040902','프리미엄 플러스 (A/T)','10409','Y',28760000,'2021-06-21 16:05:05',NULL),(878,'1040903','인스퍼레이션 (A/T)','10409','Y',34000000,'2021-06-21 16:05:19',NULL),(879,'1041001','모던 (A/T)','10410','Y',28810000,'2021-06-21 16:11:01',NULL),(880,'1041002','프리미엄 플러스 (A/T)','10410','Y',31080000,'2021-06-21 16:11:17',NULL),(881,'1041003','인스퍼레이션 (A/T)','10410','Y',36350000,'2021-06-21 16:11:34',NULL),(882,'1020501','익스클루시브 (5인승) (A/T)','10205','Y',37820000,'2021-07-28 13:22:40','2021-07-28 13:53:55'),(883,'1020502','익스클루시브 (7인승) (A/T)','10205','Y',38460000,'2021-07-28 13:22:58','2021-07-28 13:54:07'),(884,'1020503','프레스티지 (5인승) (A/T)','10205','Y',40370000,'2021-07-28 13:23:13','2021-07-28 13:54:14'),(885,'1020504','프레스티지 (7인승) (A/T)','10205','Y',41010000,'2021-07-28 13:23:38','2021-07-28 13:54:26'),(886,'1020505','캘리그래피 (5인승) (A/T)','10205','Y',44970000,'2021-07-28 13:23:57','2021-07-28 13:54:36'),(887,'1020506','캘리그래피 (7인승) (A/T)','10205','Y',45610000,'2021-07-28 13:24:12','2021-07-28 13:54:45'),(888,'1020601','익스클루시브 (5인승) (A/T)','10206','Y',34140000,'2021-07-28 13:52:06',NULL),(889,'1020602','익스클루시브 (7인승) (A/T)','10206','Y',34780000,'2021-07-28 13:52:23',NULL),(890,'1020603','프레스티지 (5인승) (A/T)','10206','Y',36680000,'2021-07-28 13:52:42',NULL),(891,'1020604','프레스티지 (7인승) (A/T)','10206','Y',37320000,'2021-07-28 13:52:58',NULL),(892,'1020605','캘리그래피 (5인승) (A/T)','10206','Y',41280000,'2021-07-28 13:53:16',NULL),(893,'1020606','캘리그래피 (7인승) (A/T)','10206','Y',41920000,'2021-07-28 13:53:33',NULL),(894,'2081001','트렌디 (A/T)','20810','Y',24590000,'2021-07-28 14:01:16',NULL),(895,'2081002','프레스티지 (A/T)','20810','Y',27490000,'2021-07-28 14:01:31',NULL),(896,'2081003','노블레스 (A/T)','20810','Y',29400000,'2021-07-28 14:01:47',NULL),(897,'2081004','시그니처 (A/T)','20810','Y',31710000,'2021-07-28 14:02:02',NULL),(898,'2081101','트렌디 (A/T)','20811','Y',23810000,'2021-07-28 14:02:23',NULL),(899,'2081102','프레스티지 (A/T)','20811','Y',26310000,'2021-07-28 14:02:38',NULL),(900,'2081103','노블레스 (A/T)','20811','Y',28220000,'2021-07-28 14:02:52',NULL),(901,'2081104','시그니처 (A/T)','20811','Y',30920000,'2021-07-28 14:03:09',NULL),(902,'2081201','트렌디 (A/T)','20812','Y',27780000,'2021-07-28 14:03:39',NULL),(903,'2081202','프레스티지 (A/T)','20812','Y',29750000,'2021-07-28 14:03:58',NULL),(904,'2081203','노블레스 (A/T)','20812','Y',31680000,'2021-07-28 14:04:14',NULL),(905,'2081204','시그니처 (A/T)','20812','Y',33840000,'2021-07-28 14:04:31',NULL),(906,'6010401','2WD (A/T)','60104','Y',0,'2021-07-29 18:04:37',NULL),(907,'6010402','AWD (A/T)','60104','Y',0,'2021-07-29 18:04:51',NULL),(908,'6010501','2WD (A/T)','60105','Y',0,'2021-07-29 18:05:05',NULL),(909,'6010502','AWD (A/T)','60105','Y',0,'2021-07-29 18:05:14',NULL),(910,'6010601','2WD (A/T)','60106','Y',0,'2021-07-29 18:05:31',NULL),(911,'6010602','AWD (A/T)','60106','Y',0,'2021-07-29 18:05:39',NULL),(912,'2090702','프레스티지 (6인승) (A/T)','20907','Y',0,NULL,NULL),(913,'2090703','프레스티지 (7인승) (A/T)','20907','Y',0,NULL,NULL),(914,'2090704','노블레스 (5인승) (A/T)','20907','Y',0,NULL,NULL),(915,'2090705','노블레스 (6인승) (A/T)','20907','Y',0,NULL,NULL),(916,'2090706','노블레스 (7인승) (A/T)','20907','Y',0,NULL,NULL),(917,'2090707','시그니처 (5인승) (A/T)','20907','Y',0,NULL,NULL),(918,'2090708','시그니처 (6인승) (A/T)','20907','Y',0,NULL,NULL),(919,'2090709','시그니처 (7인승) (A/T)','20907','Y',0,NULL,NULL),(920,'2090710','그래비티 (5인승) (A/T)','20907','Y',0,NULL,NULL),(921,'2090711','그래비티 (6인승) (A/T)','20907','Y',0,NULL,NULL),(922,'2090712','그래비티 (7인승) (A/T)','20907','Y',0,NULL,NULL),(923,'2090801','트렌디 (5인승) (A/T)','20908','Y',0,NULL,NULL),(924,'2090802','트렌디 (6인승) (A/T)','20908','Y',0,NULL,NULL),(925,'2090803','트렌디 (7인승) (A/T)','20908','Y',0,NULL,NULL),(926,'2090804','프레스티지 (5인승) (A/T)','20908','Y',0,NULL,NULL),(927,'2090805','프레스티지 (6인승) (A/T)','20908','Y',0,NULL,NULL),(928,'2090806','프레스티지 (7인승) (A/T)','20908','Y',0,NULL,NULL),(929,'2090807','노블레스 (5인승) (A/T)','20908','Y',0,NULL,NULL),(930,'2090808','노블레스 (6인승) (A/T)','20908','Y',0,NULL,NULL),(931,'2090809','노블레스 (7인승) (A/T)','20908','Y',0,NULL,NULL),(932,'2090810','시그니처 (5인승) (A/T)','20908','Y',0,NULL,NULL),(933,'2090811','시그니처 (6인승) (A/T)','20908','Y',0,NULL,NULL),(934,'2090812','시그니처 (7인승) (A/T)','20908','Y',0,NULL,NULL),(935,'2090813','그래비티 (5인승) (A/T)','20908','Y',0,NULL,NULL),(936,'2090814','그래비티 (6인승) (A/T)','20908','Y',0,NULL,NULL),(937,'2090815','그래비티 (7인승) (A/T)','20908','Y',0,NULL,NULL),(938,'2090901','트렌디 (5인승) (A/T)','20909','Y',0,NULL,NULL),(939,'2090902','트렌디 (6인승) (A/T)','20909','Y',0,NULL,NULL),(940,'2090903','트렌디 (7인승) (A/T)','20909','Y',0,NULL,NULL),(941,'2090904','프레스티지 (5인승) (A/T)','20909','Y',0,NULL,NULL),(942,'2090905','프레스티지 (6인승) (A/T)','20909','Y',0,NULL,NULL),(943,'2090906','프레스티지 (7인승) (A/T)','20909','Y',0,NULL,NULL),(944,'2090907','노블레스 (5인승) (A/T)','20909','Y',0,NULL,NULL),(945,'2090908','노블레스 (6인승) (A/T)','20909','Y',0,NULL,NULL),(946,'2090909','노블레스 (7인승) (A/T)','20909','Y',0,NULL,NULL),(947,'2090910','시그니처 (5인승) (A/T)','20909','Y',0,NULL,NULL),(948,'2090911','시그니처 (6인승) (A/T)','20909','Y',0,NULL,NULL),(949,'2090912','시그니처 (7인승) (A/T)','20909','Y',0,NULL,NULL),(950,'2090913','그래비티 (5인승) (A/T)','20909','Y',0,NULL,NULL),(951,'2090914','그래비티 (6인승) (A/T)','20909','Y',0,NULL,NULL),(952,'2090915','그래비티 (7인승) (A/T)','20909','Y',0,NULL,NULL),(953,'2091001','프레스티지 (5인승) (A/T)','20910','Y',0,NULL,NULL),(954,'2091002','프레스티지 (6인승) (A/T)','20910','Y',0,NULL,NULL),(955,'2091003','프레스티지 (7인승) (A/T)','20910','Y',0,NULL,NULL),(956,'2091004','노블레스 (5인승) (A/T)','20910','Y',0,NULL,NULL),(957,'2091005','노블레스 (6인승) (A/T)','20910','Y',0,NULL,NULL),(958,'2091006','노블레스 (7인승) (A/T)','20910','Y',0,NULL,NULL),(959,'2091007','시그니처 (5인승) (A/T)','20910','Y',0,NULL,NULL),(960,'2091008','시그니처 (6인승) (A/T)','20910','Y',0,NULL,NULL),(961,'2091009','시그니처 (7인승) (A/T)','20910','Y',0,NULL,NULL),(962,'2091010','그래비티 (5인승) (A/T)','20910','Y',0,NULL,NULL),(963,'2091011','그래비티 (6인승) (A/T)','20910','Y',0,NULL,NULL),(964,'2091012','그래비티 (7인승) (A/T)','20910','Y',0,NULL,NULL),(965,'2091101','트렌디 (5인승) (A/T)','20911','Y',0,NULL,NULL),(966,'2091102','트렌디 (6인승) (A/T)','20911','Y',0,NULL,NULL),(967,'2091103','트렌디 (7인승) (A/T)','20911','Y',0,NULL,NULL),(968,'2091104','프레스티지 (5인승) (A/T)','20911','Y',0,NULL,NULL),(969,'2091105','프레스티지 (6인승) (A/T)','20911','Y',0,NULL,NULL),(970,'2091106','프레스티지 (7인승) (A/T)','20911','Y',0,NULL,NULL),(971,'2091107','노블레스 (5인승) (A/T)','20911','Y',0,NULL,NULL),(972,'2091108','노블레스 (6인승) (A/T)','20911','Y',0,NULL,NULL),(973,'2091109','노블레스 (7인승) (A/T)','20911','Y',0,NULL,NULL),(974,'2091110','시그니처 (5인승) (A/T)','20911','Y',0,NULL,NULL),(975,'2091111','시그니처 (6인승) (A/T)','20911','Y',0,NULL,NULL),(976,'2091112','시그니처 (7인승) (A/T)','20911','Y',0,NULL,NULL),(977,'2091113','그래비티 (5인승) (A/T)','20911','Y',0,NULL,NULL),(978,'2091114','그래비티 (6인승) (A/T)','20911','Y',0,NULL,NULL),(979,'2091115','그래비티 (7인승) (A/T)','20911','Y',0,NULL,NULL),(980,'2091201','트렌디 (5인승) (A/T)','20912','Y',0,NULL,NULL),(981,'2091202','트렌디 (6인승) (A/T)','20912','Y',0,NULL,NULL),(982,'2091203','트렌디 (7인승) (A/T)','20912','Y',0,NULL,NULL),(983,'2091204','프레스티지 (5인승) (A/T)','20912','Y',0,NULL,NULL),(984,'2091205','프레스티지 (6인승) (A/T)','20912','Y',0,NULL,NULL),(985,'2091206','프레스티지 (7인승) (A/T)','20912','Y',0,NULL,NULL),(986,'2091207','노블레스 (5인승) (A/T)','20912','Y',0,NULL,NULL),(987,'2091208','노블레스 (6인승) (A/T)','20912','Y',0,NULL,NULL),(988,'2091209','노블레스 (7인승) (A/T)','20912','Y',0,NULL,NULL),(989,'2091210','시그니처 (5인승) (A/T)','20912','Y',0,NULL,NULL),(990,'2091211','시그니처 (6인승) (A/T)','20912','Y',0,NULL,NULL),(991,'2091212','시그니처 (7인승) (A/T)','20912','Y',0,NULL,NULL),(992,'2091213','그래비티 (5인승) (A/T)','20912','Y',0,NULL,NULL),(993,'2091214','그래비티 (6인승) (A/T)','20912','Y',0,NULL,NULL),(994,'2091215','그래비티 (7인승) (A/T)','20912','Y',0,NULL,NULL),(995,'2101101','프레스티지 (A/T)','21011','Y',0,NULL,NULL),(996,'2101102','노블레스 (A/T)','21011','Y',0,NULL,NULL),(997,'2101103','시그니처 (A/T)','21011','Y',0,NULL,NULL),(998,'2101201','노블레스 (A/T)','21012','Y',0,NULL,NULL),(999,'2101202','아웃도어 (A/T)','21012','Y',0,NULL,NULL),(1000,'2101203','시그니처 (A/T)','21012','Y',0,NULL,NULL),(1001,'2101301','프레스티지 (A/T)','21013','Y',0,NULL,NULL),(1002,'2101302','노블레스 (A/T)','21013','Y',0,NULL,NULL),(1003,'2101303','시그니처 (A/T)','21013','Y',0,NULL,NULL),(1004,'2101401','프레스티지 (A/T)','21014','Y',0,NULL,NULL),(1005,'2101402','노블레스 (A/T)','21014','Y',0,NULL,NULL),(1006,'2101403','시그니처 (A/T)','21014','Y',0,NULL,NULL),(1007,'2101501','노블레스 (A/T)','21015','Y',0,NULL,NULL),(1008,'2101502','아웃도어 (A/T)','21015','Y',0,NULL,NULL),(1009,'2101503','시그니처 (A/T)','21015','Y',0,NULL,NULL),(1010,'2101601','프레스티지 (A/T)','21016','Y',0,NULL,NULL),(1011,'2101602','노블레스 (A/T)','21016','Y',0,NULL,NULL),(1012,'2101603','시그니처 (A/T)','21016','Y',0,NULL,NULL),(1013,'2101701','시그니처 (A/T)','21017','Y',0,NULL,NULL),(1014,'2090701','프레스티지 (5인승) (A/T)','20907','Y',0,NULL,NULL),(1015,'1030401','모던 (A/T)','10304','Y',0,'2021-07-29 19:23:20',NULL),(1016,'1030402','프리미엄 (A/T)','10304','Y',0,'2021-07-29 19:23:31',NULL),(1017,'1030403','인스퍼레이션 (A/T)','10304','Y',0,'2021-07-29 19:23:40',NULL),(1023,'2020107','1','20201','Y',0,'2021-08-13 23:58:28',NULL),(1028,'1030501','2WD 프리미엄 (A/T)','10305','Y',30090000,'2021-08-20 17:37:02',NULL),(1029,'1030502','2WD 인스퍼레이션 (A/T)','10305','Y',32760000,'2021-08-20 17:37:17',NULL),(1030,'1030503','AWD 프리미엄 (A/T)','10305','Y',32050000,'2021-08-20 17:37:33',NULL),(1031,'1030504','AWD 인스퍼레이션 (A/T)','10305','Y',34720000,'2021-08-20 17:37:49',NULL),(1032,'1030601','프리미엄 (A/T)','10306','Y',33450000,'2021-08-20 17:39:38',NULL),(1033,'1030602','인스퍼레이션 (A/T)','10306','Y',36120000,'2021-08-20 17:39:51',NULL),(1034,'1030701','2WD 프리미엄 (A/T)','10307','Y',32000000,'2021-08-20 17:40:22',NULL),(1035,'1030702','2WD 인스퍼레이션 (A/T)','10307','Y',34670000,'2021-08-20 17:40:36',NULL),(1036,'1030703','AWD 프리미엄 (A/T)','10307','Y',34210000,'2021-08-20 17:40:53',NULL),(1037,'1030704','AWD 인스퍼레이션 (A/T)','10307','Y',36880000,'2021-08-20 17:41:10',NULL),(1038,'2101801','시그니처 (A/T)','21018','Y',63010000,'2021-08-20 17:48:18',NULL),(1039,'2101901','시그니처 (A/T)','21019','Y',60960000,'2021-08-20 17:48:44',NULL),(1040,'2102001','시그니처 (A/T)','21020','Y',62160000,'2021-08-20 17:49:00',NULL),(1041,'2102101','시그니처 (A/T)','21021','Y',62160000,'2021-08-20 17:49:23',NULL),(1042,'2071101','트렌디 (A/T)','20711','Y',0,'2021-08-20 17:59:23',NULL),(1043,'2071102','프레스티지 (A/T)','20711','Y',0,'2021-08-20 17:59:32',NULL),(1044,'2071103','노블레스 (A/T)','20711','Y',0,'2021-08-20 17:59:40',NULL),(1045,'2071104','노블레스 그래비티 (A/T)','20711','Y',0,'2021-08-20 17:59:47',NULL),(1046,'2071105','시그니처 (A/T)','20711','Y',0,'2021-08-20 17:59:57',NULL),(1047,'2071106','시그니처 그래비티 (A/T)','20711','Y',0,'2021-08-20 18:00:07',NULL),(1048,'2071201','트렌디 (A/T)','20712','Y',0,'2021-08-20 18:00:35',NULL),(1049,'2071202','프레스티지 (A/T)','20712','Y',0,'2021-08-20 18:00:43',NULL),(1050,'2071203','노블레스 (A/T)','20712','Y',0,'2021-08-20 18:00:53',NULL),(1051,'2071204','노블레스 그래비티 (A/T)','20712','Y',0,'2021-08-20 18:01:04',NULL),(1052,'2071205','시그니처 (A/T)','20712','Y',0,'2021-08-20 18:01:14',NULL),(1053,'2071206','시그니처 그래비티 (A/T)','20712','Y',0,'2021-08-20 18:01:26',NULL),(1054,'2071301','트렌디 (A/T)','20713','Y',0,'2021-08-20 18:01:38',NULL),(1055,'2071302','프레스티지 (A/T)','20713','Y',0,'2021-08-20 18:01:47',NULL),(1056,'2071303','노블레스 (A/T)','20713','Y',0,'2021-08-20 18:01:56',NULL),(1057,'2071304','노블레스 그래비티 (A/T)','20713','Y',0,'2021-08-20 18:02:06',NULL),(1058,'2071305','시그니처 (A/T)','20713','Y',0,'2021-08-20 18:02:15',NULL),(1059,'2071306','시그니처 그래비티 (A/T)','20713','Y',0,'2021-08-20 18:02:25',NULL),(1060,'2071401','프레스티지 (A/T)','20714','Y',0,'2021-08-20 18:02:44',NULL),(1061,'2071402','노블레스 (A/T)','20714','Y',0,'2021-08-20 18:02:52',NULL),(1062,'2071403','노블레스 그래비티 (A/T)','20714','Y',0,'2021-08-20 18:03:00',NULL),(1063,'2071404','시그니처 (A/T)','20714','Y',0,'2021-08-20 18:03:07',NULL),(1064,'2071405','시그니처 그래비티 (A/T)','20714','Y',0,'2021-08-20 18:03:15',NULL),(1065,'2071501','트렌디 (A/T)','20715','Y',0,'2021-08-20 18:03:31',NULL),(1066,'2071502','프레스티지 (A/T)','20715','Y',0,'2021-08-20 18:03:38',NULL),(1067,'2071503','노블레스 (A/T)','20715','Y',0,'2021-08-20 18:03:46',NULL),(1068,'2071504','노블레스 그래비티 (A/T)','20715','Y',0,'2021-08-20 18:03:54',NULL),(1069,'2071505','시그니처 (A/T)','20715','Y',0,'2021-08-20 18:04:02',NULL),(1070,'2071506','시그니처 그래비티 (A/T)','20715','Y',0,'2021-08-20 18:04:10',NULL);
/*!40000 ALTER TABLE `trim` ENABLE KEYS */;
UNLOCK TABLES;

--
-- Table structure for table `user`
--

DROP TABLE IF EXISTS `user`;
/*!40101 SET @saved_cs_client     = @@character_set_client */;
/*!40101 SET character_set_client = utf8 */;
CREATE TABLE `user` (
  `usercode` tinyint(1) NOT NULL AUTO_INCREMENT,
  `id` varchar(45) NOT NULL,
  `password` varchar(45) NOT NULL,
  `name` varchar(45) NOT NULL,
  `phone` varchar(45) DEFAULT NULL,
  `department` varchar(45) DEFAULT NULL,
  PRIMARY KEY (`usercode`),
  UNIQUE KEY `id` (`id`)
) ENGINE=InnoDB AUTO_INCREMENT=4 DEFAULT CHARSET=utf8;
/*!40101 SET character_set_client = @saved_cs_client */;

--
-- Dumping data for table `user`
--

LOCK TABLES `user` WRITE;
/*!40000 ALTER TABLE `user` DISABLE KEYS */;
INSERT INTO `user` VALUES (1,'klass0808','wlsgml88','김한주',NULL,NULL),(3,'klass1','klass**1','권오성',NULL,NULL);
/*!40000 ALTER TABLE `user` ENABLE KEYS */;
UNLOCK TABLES;
/*!40103 SET TIME_ZONE=@OLD_TIME_ZONE */;

/*!40101 SET SQL_MODE=@OLD_SQL_MODE */;
/*!40014 SET FOREIGN_KEY_CHECKS=@OLD_FOREIGN_KEY_CHECKS */;
/*!40014 SET UNIQUE_CHECKS=@OLD_UNIQUE_CHECKS */;
/*!40101 SET CHARACTER_SET_CLIENT=@OLD_CHARACTER_SET_CLIENT */;
/*!40101 SET CHARACTER_SET_RESULTS=@OLD_CHARACTER_SET_RESULTS */;
/*!40101 SET COLLATION_CONNECTION=@OLD_COLLATION_CONNECTION */;
/*!40111 SET SQL_NOTES=@OLD_SQL_NOTES */;

-- Dump completed on 2021-09-11 23:29:30
